State,Start,End,Run time
sEOD_LIVE,2018/03/02 23:49:26,2018/03/03 05:18:14,5:28:48
sEMAIL_START,2018/03/02 23:49:26,2018/03/02 23:49:26,0:0:0
sMARKER_START,2018/03/02 23:49:26,2018/03/02 23:49:50,0:0:24
sCHECK_DATE,2018/03/02 23:49:50,2018/03/02 23:49:50,0:0:0
sDATE_INIT,2018/03/02 23:49:50,2018/03/02 23:53:43,0:3:53
sSTG_WAIT_COMPTA_PLCOMP,2018/03/02 23:53:43,2018/03/03 00:13:54,0:20:11
sSTG_TRUNCATE,2018/03/03 00:13:54,2018/03/03 00:13:59,0:0:5
sSTG_DROP_INDEX,2018/03/03 00:13:59,2018/03/03 00:14:01,0:0:2
sSTG_FEED_MAIN,2018/03/03 00:14:01,2018/03/03 03:31:26,3:17:25
sSTG_FEED_MISC_ALL,2018/03/03 00:14:01,2018/03/03 01:23:56,1:9:55
sSTG_FEED_COM_RISK_SPEC_ALL,2018/03/03 00:14:01,2018/03/03 01:18:38,1:4:37
sSTG_FEED_MISC_MAIN,2018/03/03 00:14:01,2018/03/03 01:23:56,1:9:55
sSTG_FEED_COM_RISK_SPEC_MAIN,2018/03/03 00:14:01,2018/03/03 01:18:37,1:4:36
sSTG_FEED_MISC,2018/03/03 00:14:01,2018/03/03 01:23:44,1:9:43
sSTG_FEED_CS_ALL,2018/03/03 00:14:01,2018/03/03 02:16:57,2:2:56
sSTG_FEED_MISC_MAIN2,2018/03/03 00:14:01,2018/03/03 01:15:09,1:1:8
sSTG_FEED_CS_MAIN,2018/03/03 00:14:01,2018/03/03 02:13:47,1:59:46
sSTG_FEED_MISC_2A,2018/03/03 00:14:01,2018/03/03 01:11:01,0:57:0
sSTG_FEED_DT_ALL,2018/03/03 00:14:01,2018/03/03 02:08:01,1:54:0
sSTG_FEED_CS_OM,2018/03/03 00:14:01,2018/03/03 02:13:47,1:59:46
sSTG_FEED_DT_MAIN,2018/03/03 00:14:01,2018/03/03 02:07:10,1:53:9
sSTG_FEED_DT_01,2018/03/03 00:14:01,2018/03/03 02:02:32,1:48:31
sSTG_FEED_FX_RISK_SPEC_ALL,2018/03/03 00:14:01,2018/03/03 02:13:21,1:59:20
sSTG_FEED_CS_TODAY,2018/03/03 00:14:01,2018/03/03 01:54:26,1:40:25
sSTG_FEED_FX_RISK_SPEC_MAIN,2018/03/03 00:14:01,2018/03/03 02:13:20,1:59:19
sSTG_FEED_IRD_RISK_SPEC_ALL,2018/03/03 00:14:01,2018/03/03 02:09:09,1:55:8
sSTG_FEED_CS_OTHER,2018/03/03 00:14:01,2018/03/03 01:56:13,1:42:12
sSTG_FEED_IRD_RISK_SPEC_MAIN,2018/03/03 00:14:01,2018/03/03 02:09:09,1:55:8
sSTG_FEED_PL_ALL,2018/03/03 00:14:01,2018/03/03 01:57:16,1:43:15
sSTG_FEED_PL_MAIN,2018/03/03 00:14:01,2018/03/03 01:57:00,1:42:59
sSTG_FEED_PL_SV_ALL,2018/03/03 00:14:01,2018/03/03 02:34:20,2:20:19
sSTG_FEED_PL_SV_MAIN,2018/03/03 00:14:01,2018/03/03 02:34:10,2:20:9
sSTG_FEED_PL_OIS_YEST,2018/03/03 00:14:01,2018/03/03 01:07:38,0:53:37
sSTG_FEED_MV_ALL,2018/03/03 00:14:01,2018/03/03 01:59:49,1:45:48
sSTG_FEED_MV_MAIN,2018/03/03 00:14:01,2018/03/03 01:59:25,1:45:24
sSTG_FEED_PL_SV_YEST,2018/03/03 00:14:01,2018/03/03 02:34:10,2:20:9
sSTG_FEED_PL_OM-1,2018/03/03 00:14:01,2018/03/03 01:45:42,1:31:41
sSTG_FEED_SV_ALL,2018/03/03 00:14:01,2018/03/03 02:28:06,2:14:5
sSTG_FEED_PL_2OM,2018/03/03 00:14:01,2018/03/03 01:57:00,1:42:59
sSTG_FEED_PL_SV_L_YEST-1,2018/03/03 00:14:01,2018/03/03 02:06:35,1:52:34
sSTG_FEED_SV_MAIN,2018/03/03 00:14:01,2018/03/03 02:27:36,2:13:35
sSTG_FEED_MV_2OM,2018/03/03 00:14:01,2018/03/03 01:55:09,1:41:8
sSTG_FEED_SV_CS1_ALL,2018/03/03 00:14:01,2018/03/03 02:03:15,1:49:14
sSTG_FEED_PL_SV_L_OM,2018/03/03 00:14:01,2018/03/03 02:33:03,2:19:2
sSTG_FEED_MV_OM-1,2018/03/03 00:14:01,2018/03/03 01:59:25,1:45:24
sSTG_FEED_SV_CS1_MAIN,2018/03/03 00:14:01,2018/03/03 02:03:14,1:49:13
sSTG_FEED_SV_YEST,2018/03/03 00:14:01,2018/03/03 02:21:49,2:7:48
sSTG_FEED_XG_ALL,2018/03/03 00:14:01,2018/03/03 02:34:41,2:20:40
sSTG_FEED_XG_MAIN,2018/03/03 00:14:01,2018/03/03 02:31:59,2:17:58
sSTG_FEED_SV_L_YEST-1,2018/03/03 00:14:01,2018/03/03 02:27:36,2:13:35
sSTG_FEED_VAR,2018/03/03 00:14:01,2018/03/03 03:00:55,2:46:54
sSTG_FEED_VAR_STRESS_TEST,2018/03/03 00:14:01,2018/03/03 02:58:50,2:44:49
sSTG_FEED_TAYLOR,2018/03/03 00:14:01,2018/03/03 03:31:26,3:17:25
sSTG_FEED_VAR_PART1,2018/03/03 00:14:01,2018/03/03 02:58:50,2:44:49
sSTG_FEED_VAR_PART2,2018/03/03 00:14:01,2018/03/03 02:31:37,2:17:36
sSTG_FEED_VAR_PART3,2018/03/03 00:14:01,2018/03/03 02:24:33,2:10:32
sSTG_FEED_VAR_PART4,2018/03/03 00:14:01,2018/03/03 02:30:44,2:16:43
sSTG_FEED_VAR_PART5,2018/03/03 00:14:01,2018/03/03 02:01:35,1:47:34
sSTG_FEED_VAR_PART6,2018/03/03 00:14:01,2018/03/03 01:54:40,1:40:39
sSTG_FEED_VAR_PART7,2018/03/03 00:14:01,2018/03/03 02:08:10,1:54:9
sSTG_FEED_VAR_PART8,2018/03/03 00:14:01,2018/03/03 02:34:12,2:20:11
sSTG_FEED_MISC_INDEX_2B,2018/03/03 01:11:01,2018/03/03 01:15:09,0:4:8
sSTG_FEED_COM_RISK_SPEC_INDEX_ALL,2018/03/03 01:18:37,2018/03/03 01:18:38,0:0:1
sSTG_FEED_MISC_INDEX,2018/03/03 01:23:44,2018/03/03 01:23:56,0:0:12
sSTG_FEED_PL_INDEX_ALL,2018/03/03 01:57:00,2018/03/03 01:57:16,0:0:16
sSTG_FEED_MV_INDEX_ALL,2018/03/03 01:59:25,2018/03/03 01:59:49,0:0:24
sSTG_FEED_DT_02,2018/03/03 02:02:32,2018/03/03 02:07:10,0:4:38
sSTG_FEED_SV_CS1_INDEX_ALL,2018/03/03 02:03:14,2018/03/03 02:03:15,0:0:1
sSTG_FEED_DT_INDEX_ALL,2018/03/03 02:07:10,2018/03/03 02:08:01,0:0:51
sSTG_FEED_IRD_RISK_SPEC_INDEX_ALL,2018/03/03 02:09:09,2018/03/03 02:09:09,0:0:0
sSTG_FEED_FX_RISK_SPEC_INDEX_ALL,2018/03/03 02:13:20,2018/03/03 02:13:21,0:0:1
sSTG_FEED_CS_INDEX_ALL,2018/03/03 02:13:47,2018/03/03 02:16:57,0:3:10
sSTG_FEED_SV_INDEX_ALL,2018/03/03 02:27:36,2018/03/03 02:28:06,0:0:30
sSTG_FEED_XG_INDEX_ALL,2018/03/03 02:31:59,2018/03/03 02:32:11,0:0:12
sSTG_FEED_MIFID,2018/03/03 02:32:11,2018/03/03 02:34:38,0:2:27
sSTG_FEED_PL_SV_INDEX_ALL,2018/03/03 02:34:10,2018/03/03 02:34:20,0:0:10
sSTG_FEED_UPD_MIFID,2018/03/03 02:34:38,2018/03/03 02:34:41,0:0:3
sSTG_FEED_VAR_DATAMART,2018/03/03 02:58:50,2018/03/03 03:00:51,0:2:1
sSTG_FEED_VAR_INDEX,2018/03/03 03:00:51,2018/03/03 03:00:55,0:0:4
sLAUNCH_MASTER_LAUNCHER,2018/03/03 03:31:26,2018/03/03 03:31:27,0:0:1
sSTG_FEED_PARSER_FUNCTION,2018/03/03 03:31:27,2018/03/03 03:50:51,0:19:24
sSTG_FEED_CVPRC,2018/03/03 03:31:27,2018/03/03 03:37:33,0:6:6
sSTG_FEED_CVSPT,2018/03/03 03:31:27,2018/03/03 03:32:47,0:1:20
sSTG_FEED_DTSEC,2018/03/03 03:31:27,2018/03/03 03:50:51,0:19:24
sSTG_FEED_RTNBD,2018/03/03 03:31:27,2018/03/03 03:32:45,0:1:18
sSTG_VALIDATE_INTEGRITY,2018/03/03 03:50:51,2018/03/03 03:50:56,0:0:5
sODS_TRUNCATE,2018/03/03 03:50:56,2018/03/03 03:50:57,0:0:1
sODS_DROP_INDEX,2018/03/03 03:50:57,2018/03/03 03:50:58,0:0:1
sODS_FEED_ALL,2018/03/03 03:50:58,2018/03/03 04:54:16,1:3:18
sODS_FEED_COMRISK_SPEC,2018/03/03 03:50:58,2018/03/03 03:53:26,0:2:28
sODS_FEED_CRDRISK_SPEC,2018/03/03 03:50:58,2018/03/03 03:51:32,0:0:34
sODS_FEED_CS,2018/03/03 03:50:58,2018/03/03 04:54:16,1:3:18
sODS_FEED_CS_FUT_L,2018/03/03 03:50:58,2018/03/03 03:51:55,0:0:57
sODS_FEED_CS_EVAL,2018/03/03 03:50:58,2018/03/03 03:52:41,0:1:43
sODS_FEED_DT,2018/03/03 03:50:58,2018/03/03 04:26:05,0:35:7
sODS_FEED_DT_SV,2018/03/03 03:50:58,2018/03/03 04:06:25,0:15:27
sODS_FEED_FXRISK_SPEC,2018/03/03 03:50:58,2018/03/03 03:53:06,0:2:8
sODS_FEED_IRDRISK,2018/03/03 03:50:58,2018/03/03 03:53:29,0:2:31
sODS_FEED_IRDRISK_SPEC,2018/03/03 03:50:58,2018/03/03 03:54:08,0:3:10
sODS_FEED_MV_DETAIL,2018/03/03 03:50:58,2018/03/03 04:18:00,0:27:2
sODS_FEED_PL,2018/03/03 03:50:58,2018/03/03 04:05:18,0:14:20
sODS_FEED_PL_HS,2018/03/03 03:50:58,2018/03/03 03:54:12,0:3:14
sODS_FEED_PL_SV,2018/03/03 03:50:58,2018/03/03 03:55:22,0:4:24
sODS_FEED_SV,2018/03/03 03:50:58,2018/03/03 04:01:28,0:10:30
sODS_FEED_VAR_COM,2018/03/03 03:50:58,2018/03/03 03:53:56,0:2:58
sODS_FEED_VAR_SCN,2018/03/03 03:50:58,2018/03/03 03:52:46,0:1:48
sODS_FEED_XG,2018/03/03 03:50:58,2018/03/03 03:57:11,0:6:13
sODS_FEED_TAYLOR_COM,2018/03/03 03:50:59,2018/03/03 03:58:36,0:7:37
sODS_FEED_TAYLOR_CRD,2018/03/03 03:50:59,2018/03/03 04:07:22,0:16:23
sODS_FEED_TAYLOR_CURR,2018/03/03 03:50:59,2018/03/03 04:08:44,0:17:45
sODS_FEED_TAYLOR_IRD,2018/03/03 03:50:59,2018/03/03 04:04:05,0:13:6
sODS_SQL,2018/03/03 04:54:16,2018/03/03 05:17:46,0:23:30
sODS_SQL_UPDATE,2018/03/03 04:54:16,2018/03/03 05:05:48,0:11:32
sUPDATE_STATISTICS,2018/03/03 04:54:16,2018/03/03 05:17:46,0:23:30
sODS_UPD_CS,2018/03/03 04:54:16,2018/03/03 04:54:16,0:0:0
sODS_UPD_CS_FUT,2018/03/03 04:54:16,2018/03/03 04:54:16,0:0:0
sODS_UPD_DT,2018/03/03 04:54:16,2018/03/03 05:05:22,0:11:6
sODS_UPD_DT_SV,2018/03/03 04:54:16,2018/03/03 04:54:16,0:0:0
sODS_UPD_MV,2018/03/03 04:54:16,2018/03/03 05:05:48,0:11:32
sODS_UPD_PL,2018/03/03 04:54:16,2018/03/03 05:05:35,0:11:19
sODS_UPD_PL_SV,2018/03/03 04:54:16,2018/03/03 05:05:38,0:11:22
sODS_UPD_SV,2018/03/03 04:54:16,2018/03/03 04:57:56,0:3:40
sODS_UPD_XG,2018/03/03 04:54:16,2018/03/03 04:54:32,0:0:16
sODS_VALIDATE_INTEGRITY,2018/03/03 05:17:46,2018/03/03 05:17:53,0:0:7
sWORKFLOW_RESET,2018/03/03 05:17:53,2018/03/03 05:17:53,0:0:0
sBACKUP,2018/03/03 05:17:53,2018/03/03 05:17:54,0:0:1
sMARKER_END,2018/03/03 05:17:54,2018/03/03 05:18:14,0:0:20
sEMAIL_END,2018/03/03 05:18:14,2018/03/03 05:18:14,0:0:0
State,Start,End,Run time
sEOD_LIVE,2018/03/06 01:41:38,2018/03/06 06:50:07,5:8:29
sEMAIL_START,2018/03/06 01:41:38,2018/03/06 01:41:38,0:0:0
sMARKER_START,2018/03/06 01:41:38,2018/03/06 01:42:02,0:0:24
sCHECK_DATE,2018/03/06 01:42:02,2018/03/06 01:42:02,0:0:0
sDATE_INIT,2018/03/06 01:42:02,2018/03/06 01:45:33,0:3:31
sSTG_WAIT_COMPTA_PLCOMP,2018/03/06 01:45:33,2018/03/06 02:06:24,0:20:51
sSTG_TRUNCATE,2018/03/06 02:06:24,2018/03/06 02:06:27,0:0:3
sSTG_DROP_INDEX,2018/03/06 02:06:27,2018/03/06 02:06:27,0:0:0
sSTG_FEED_MAIN,2018/03/06 02:06:27,2018/03/06 05:11:17,3:4:50
sSTG_FEED_MISC_ALL,2018/03/06 02:06:28,2018/03/06 03:11:50,1:5:22
sSTG_FEED_COM_RISK_SPEC_ALL,2018/03/06 02:06:28,2018/03/06 03:02:10,0:55:42
sSTG_FEED_MISC_MAIN,2018/03/06 02:06:28,2018/03/06 03:11:50,1:5:22
sSTG_FEED_COM_RISK_SPEC_MAIN,2018/03/06 02:06:28,2018/03/06 03:02:10,0:55:42
sSTG_FEED_MISC,2018/03/06 02:06:28,2018/03/06 03:11:41,1:5:13
sSTG_FEED_CS_ALL,2018/03/06 02:06:28,2018/03/06 04:02:16,1:55:48
sSTG_FEED_MISC_MAIN2,2018/03/06 02:06:28,2018/03/06 03:03:34,0:57:6
sSTG_FEED_CS_MAIN,2018/03/06 02:06:28,2018/03/06 03:59:12,1:52:44
sSTG_FEED_MISC_2A,2018/03/06 02:06:28,2018/03/06 02:57:27,0:50:59
sSTG_FEED_DT_ALL,2018/03/06 02:06:28,2018/03/06 03:54:17,1:47:49
sSTG_FEED_DT_MAIN,2018/03/06 02:06:28,2018/03/06 03:53:42,1:47:14
sSTG_FEED_CS_OM,2018/03/06 02:06:28,2018/03/06 03:59:12,1:52:44
sSTG_FEED_DT_01,2018/03/06 02:06:28,2018/03/06 03:49:03,1:42:35
sSTG_FEED_FX_RISK_SPEC_ALL,2018/03/06 02:06:28,2018/03/06 04:11:03,2:4:35
sSTG_FEED_FX_RISK_SPEC_MAIN,2018/03/06 02:06:28,2018/03/06 04:11:02,2:4:34
sSTG_FEED_CS_TODAY,2018/03/06 02:06:28,2018/03/06 03:44:14,1:37:46
sSTG_FEED_IRD_RISK_SPEC_ALL,2018/03/06 02:06:28,2018/03/06 03:49:58,1:43:30
sSTG_FEED_IRD_RISK_SPEC_MAIN,2018/03/06 02:06:28,2018/03/06 03:49:57,1:43:29
sSTG_FEED_CS_OTHER,2018/03/06 02:06:28,2018/03/06 03:44:10,1:37:42
sSTG_FEED_PL_ALL,2018/03/06 02:06:28,2018/03/06 03:44:27,1:37:59
sSTG_FEED_PL_MAIN,2018/03/06 02:06:28,2018/03/06 03:44:07,1:37:39
sSTG_FEED_PL_SV_ALL,2018/03/06 02:06:28,2018/03/06 04:10:29,2:4:1
sSTG_FEED_PL_OIS_YEST,2018/03/06 02:06:28,2018/03/06 02:53:14,0:46:46
sSTG_FEED_PL_SV_MAIN,2018/03/06 02:06:28,2018/03/06 04:10:19,2:3:51
sSTG_FEED_PL_OM-1,2018/03/06 02:06:28,2018/03/06 03:27:27,1:20:59
sSTG_FEED_MV_ALL,2018/03/06 02:06:28,2018/03/06 03:45:28,1:39:0
sSTG_FEED_MV_MAIN,2018/03/06 02:06:28,2018/03/06 03:45:03,1:38:35
sSTG_FEED_PL_SV_YEST,2018/03/06 02:06:28,2018/03/06 04:09:41,2:3:13
sSTG_FEED_SV_ALL,2018/03/06 02:06:28,2018/03/06 04:09:06,2:2:38
sSTG_FEED_PL_2OM,2018/03/06 02:06:28,2018/03/06 03:44:07,1:37:39
sSTG_FEED_SV_MAIN,2018/03/06 02:06:28,2018/03/06 04:08:33,2:2:5
sSTG_FEED_MV_2OM,2018/03/06 02:06:28,2018/03/06 03:40:42,1:34:14
sSTG_FEED_PL_SV_L_YEST-1,2018/03/06 02:06:28,2018/03/06 03:54:34,1:48:6
sSTG_FEED_SV_CS1_ALL,2018/03/06 02:06:28,2018/03/06 03:39:19,1:32:51
sSTG_FEED_SV_CS1_MAIN,2018/03/06 02:06:28,2018/03/06 03:39:19,1:32:51
sSTG_FEED_SV_YEST,2018/03/06 02:06:28,2018/03/06 04:06:57,2:0:29
sSTG_FEED_MV_OM-1,2018/03/06 02:06:28,2018/03/06 03:45:03,1:38:35
sSTG_FEED_PL_SV_L_OM,2018/03/06 02:06:28,2018/03/06 04:10:19,2:3:51
sSTG_FEED_SV_L_YEST-1,2018/03/06 02:06:28,2018/03/06 04:08:33,2:2:5
sSTG_FEED_XG_ALL,2018/03/06 02:06:28,2018/03/06 04:11:31,2:5:3
sSTG_FEED_XG_MAIN,2018/03/06 02:06:28,2018/03/06 04:08:40,2:2:12
sSTG_FEED_VAR,2018/03/06 02:06:28,2018/03/06 04:45:36,2:39:8
sSTG_FEED_VAR_STRESS_TEST,2018/03/06 02:06:28,2018/03/06 04:43:52,2:37:24
sSTG_FEED_TAYLOR,2018/03/06 02:06:28,2018/03/06 05:11:17,3:4:49
sSTG_FEED_VAR_PART1,2018/03/06 02:06:28,2018/03/06 04:43:52,2:37:24
sSTG_FEED_VAR_PART2,2018/03/06 02:06:28,2018/03/06 04:17:24,2:10:56
sSTG_FEED_VAR_PART3,2018/03/06 02:06:28,2018/03/06 04:14:55,2:8:27
sSTG_FEED_VAR_PART4,2018/03/06 02:06:28,2018/03/06 04:19:50,2:13:22
sSTG_FEED_VAR_PART5,2018/03/06 02:06:28,2018/03/06 03:53:29,1:47:1
sSTG_FEED_VAR_PART6,2018/03/06 02:06:28,2018/03/06 03:47:32,1:41:4
sSTG_FEED_VAR_PART7,2018/03/06 02:06:28,2018/03/06 03:53:18,1:46:50
sSTG_FEED_VAR_PART8,2018/03/06 02:06:28,2018/03/06 04:30:40,2:24:12
sSTG_FEED_MISC_INDEX_2B,2018/03/06 02:57:27,2018/03/06 03:03:34,0:6:7
sSTG_FEED_COM_RISK_SPEC_INDEX_ALL,2018/03/06 03:02:10,2018/03/06 03:02:10,0:0:0
sSTG_FEED_MISC_INDEX,2018/03/06 03:11:41,2018/03/06 03:11:50,0:0:9
sSTG_FEED_SV_CS1_INDEX_ALL,2018/03/06 03:39:19,2018/03/06 03:39:19,0:0:0
sSTG_FEED_PL_INDEX_ALL,2018/03/06 03:44:07,2018/03/06 03:44:27,0:0:20
sSTG_FEED_MV_INDEX_ALL,2018/03/06 03:45:03,2018/03/06 03:45:28,0:0:25
sSTG_FEED_DT_02,2018/03/06 03:49:03,2018/03/06 03:53:42,0:4:39
sSTG_FEED_IRD_RISK_SPEC_INDEX_ALL,2018/03/06 03:49:57,2018/03/06 03:49:58,0:0:1
sSTG_FEED_DT_INDEX_ALL,2018/03/06 03:53:42,2018/03/06 03:54:17,0:0:35
sSTG_FEED_CS_INDEX_ALL,2018/03/06 03:59:12,2018/03/06 04:02:16,0:3:4
sSTG_FEED_SV_INDEX_ALL,2018/03/06 04:08:33,2018/03/06 04:09:06,0:0:33
sSTG_FEED_XG_INDEX_ALL,2018/03/06 04:08:40,2018/03/06 04:08:50,0:0:10
sSTG_FEED_MIFID,2018/03/06 04:08:50,2018/03/06 04:11:19,0:2:29
sSTG_FEED_PL_SV_INDEX_ALL,2018/03/06 04:10:19,2018/03/06 04:10:29,0:0:10
sSTG_FEED_FX_RISK_SPEC_INDEX_ALL,2018/03/06 04:11:02,2018/03/06 04:11:03,0:0:1
sSTG_FEED_UPD_MIFID,2018/03/06 04:11:19,2018/03/06 04:11:30,0:0:11
sSTG_FEED_VAR_DATAMART,2018/03/06 04:43:52,2018/03/06 04:45:33,0:1:41
sSTG_FEED_VAR_INDEX,2018/03/06 04:45:33,2018/03/06 04:45:36,0:0:3
sLAUNCH_MASTER_LAUNCHER,2018/03/06 05:11:17,2018/03/06 05:11:17,0:0:0
sSTG_FEED_PARSER_FUNCTION,2018/03/06 05:11:17,2018/03/06 05:27:59,0:16:42
sSTG_FEED_CVPRC,2018/03/06 05:11:17,2018/03/06 05:15:28,0:4:11
sSTG_FEED_CVSPT,2018/03/06 05:11:17,2018/03/06 05:12:42,0:1:25
sSTG_FEED_DTSEC,2018/03/06 05:11:17,2018/03/06 05:27:59,0:16:42
sSTG_FEED_RTNBD,2018/03/06 05:11:17,2018/03/06 05:12:40,0:1:23
sSTG_VALIDATE_INTEGRITY,2018/03/06 05:27:59,2018/03/06 05:28:05,0:0:6
sODS_TRUNCATE,2018/03/06 05:28:05,2018/03/06 05:28:08,0:0:3
sODS_DROP_INDEX,2018/03/06 05:28:08,2018/03/06 05:28:09,0:0:1
sODS_FEED_ALL,2018/03/06 05:28:09,2018/03/06 06:26:25,0:58:16
sODS_FEED_COMRISK_SPEC,2018/03/06 05:28:09,2018/03/06 05:30:35,0:2:26
sODS_FEED_CRDRISK_SPEC,2018/03/06 05:28:09,2018/03/06 05:28:40,0:0:31
sODS_FEED_CS,2018/03/06 05:28:09,2018/03/06 06:26:25,0:58:16
sODS_FEED_CS_FUT_L,2018/03/06 05:28:09,2018/03/06 05:29:07,0:0:58
sODS_FEED_CS_EVAL,2018/03/06 05:28:09,2018/03/06 05:29:47,0:1:38
sODS_FEED_DT,2018/03/06 05:28:09,2018/03/06 05:59:38,0:31:29
sODS_FEED_DT_SV,2018/03/06 05:28:09,2018/03/06 05:43:35,0:15:26
sODS_FEED_FXRISK_SPEC,2018/03/06 05:28:09,2018/03/06 05:30:11,0:2:2
sODS_FEED_IRDRISK,2018/03/06 05:28:09,2018/03/06 05:30:40,0:2:31
sODS_FEED_IRDRISK_SPEC,2018/03/06 05:28:09,2018/03/06 05:32:05,0:3:56
sODS_FEED_MV_DETAIL,2018/03/06 05:28:09,2018/03/06 05:55:35,0:27:26
sODS_FEED_PL,2018/03/06 05:28:09,2018/03/06 05:42:58,0:14:49
sODS_FEED_PL_HS,2018/03/06 05:28:09,2018/03/06 05:31:39,0:3:30
sODS_FEED_PL_SV,2018/03/06 05:28:09,2018/03/06 05:32:10,0:4:1
sODS_FEED_SV,2018/03/06 05:28:09,2018/03/06 05:37:50,0:9:41
sODS_FEED_VAR_COM,2018/03/06 05:28:09,2018/03/06 05:31:00,0:2:51
sODS_FEED_VAR_SCN,2018/03/06 05:28:09,2018/03/06 05:29:54,0:1:45
sODS_FEED_XG,2018/03/06 05:28:09,2018/03/06 05:34:25,0:6:16
sODS_FEED_TAYLOR_COM,2018/03/06 05:28:09,2018/03/06 05:35:29,0:7:20
sODS_FEED_TAYLOR_CRD,2018/03/06 05:28:09,2018/03/06 05:44:35,0:16:26
sODS_FEED_TAYLOR_CURR,2018/03/06 05:28:09,2018/03/06 05:45:56,0:17:47
sODS_FEED_TAYLOR_IRD,2018/03/06 05:28:09,2018/03/06 05:40:46,0:12:37
sODS_SQL,2018/03/06 06:26:25,2018/03/06 06:49:38,0:23:13
sODS_SQL_UPDATE,2018/03/06 06:26:25,2018/03/06 06:39:26,0:13:1
sODS_UPD_CS,2018/03/06 06:26:25,2018/03/06 06:26:26,0:0:1
sUPDATE_STATISTICS,2018/03/06 06:26:25,2018/03/06 06:49:38,0:23:13
sODS_UPD_CS_FUT,2018/03/06 06:26:25,2018/03/06 06:26:26,0:0:1
sODS_UPD_DT,2018/03/06 06:26:25,2018/03/06 06:39:00,0:12:35
sODS_UPD_DT_SV,2018/03/06 06:26:25,2018/03/06 06:26:26,0:0:1
sODS_UPD_MV,2018/03/06 06:26:25,2018/03/06 06:39:26,0:13:1
sODS_UPD_PL,2018/03/06 06:26:25,2018/03/06 06:38:55,0:12:30
sODS_UPD_PL_SV,2018/03/06 06:26:25,2018/03/06 06:39:01,0:12:36
sODS_UPD_SV,2018/03/06 06:26:26,2018/03/06 06:30:07,0:3:41
sODS_UPD_XG,2018/03/06 06:26:26,2018/03/06 06:26:41,0:0:15
sODS_VALIDATE_INTEGRITY,2018/03/06 06:49:38,2018/03/06 06:49:45,0:0:7
sWORKFLOW_RESET,2018/03/06 06:49:45,2018/03/06 06:49:46,0:0:1
sBACKUP,2018/03/06 06:49:46,2018/03/06 06:49:46,0:0:0
sMARKER_END,2018/03/06 06:49:46,2018/03/06 06:50:07,0:0:21
sEMAIL_END,2018/03/06 06:50:07,2018/03/06 06:50:07,0:0:0
State,Start,End,Run time
sEOD_LIVE,2018/03/07 00:45:40,2018/03/07 05:47:30,5:1:50
sEMAIL_START,2018/03/07 00:45:40,2018/03/07 00:45:40,0:0:0
sMARKER_START,2018/03/07 00:45:40,2018/03/07 00:46:01,0:0:21
sCHECK_DATE,2018/03/07 00:46:01,2018/03/07 00:46:03,0:0:2
sDATE_INIT,2018/03/07 00:46:03,2018/03/07 00:49:35,0:3:32
sSTG_WAIT_COMPTA_PLCOMP,2018/03/07 00:49:35,2018/03/07 01:06:35,0:17:0
sSTG_TRUNCATE,2018/03/07 01:06:35,2018/03/07 01:06:37,0:0:2
sSTG_DROP_INDEX,2018/03/07 01:06:37,2018/03/07 01:06:38,0:0:1
sSTG_FEED_MAIN,2018/03/07 01:06:38,2018/03/07 04:10:10,3:3:32
sSTG_FEED_MISC_ALL,2018/03/07 01:06:38,2018/03/07 02:11:01,1:4:23
sSTG_FEED_MISC_MAIN,2018/03/07 01:06:38,2018/03/07 02:11:01,1:4:23
sSTG_FEED_COM_RISK_SPEC_ALL,2018/03/07 01:06:38,2018/03/07 02:00:45,0:54:7
sSTG_FEED_MISC,2018/03/07 01:06:38,2018/03/07 02:10:52,1:4:14
sSTG_FEED_COM_RISK_SPEC_MAIN,2018/03/07 01:06:38,2018/03/07 02:00:44,0:54:6
sSTG_FEED_CS_ALL,2018/03/07 01:06:38,2018/03/07 03:05:41,1:59:3
sSTG_FEED_MISC_MAIN2,2018/03/07 01:06:38,2018/03/07 02:02:54,0:56:16
sSTG_FEED_MISC_2A,2018/03/07 01:06:38,2018/03/07 01:57:49,0:51:11
sSTG_FEED_CS_MAIN,2018/03/07 01:06:38,2018/03/07 03:02:38,1:56:0
sSTG_FEED_DT_ALL,2018/03/07 01:06:38,2018/03/07 03:00:48,1:54:10
sSTG_FEED_CS_OM,2018/03/07 01:06:38,2018/03/07 03:02:38,1:56:0
sSTG_FEED_DT_MAIN,2018/03/07 01:06:38,2018/03/07 03:00:06,1:53:28
sSTG_FEED_DT_01,2018/03/07 01:06:38,2018/03/07 02:55:28,1:48:50
sSTG_FEED_FX_RISK_SPEC_ALL,2018/03/07 01:06:38,2018/03/07 03:02:41,1:56:3
sSTG_FEED_CS_TODAY,2018/03/07 01:06:38,2018/03/07 02:44:03,1:37:25
sSTG_FEED_FX_RISK_SPEC_MAIN,2018/03/07 01:06:38,2018/03/07 03:02:40,1:56:2
sSTG_FEED_IRD_RISK_SPEC_ALL,2018/03/07 01:06:38,2018/03/07 02:53:28,1:46:50
sSTG_FEED_CS_OTHER,2018/03/07 01:06:38,2018/03/07 02:41:46,1:35:8
sSTG_FEED_IRD_RISK_SPEC_MAIN,2018/03/07 01:06:38,2018/03/07 02:53:28,1:46:50
sSTG_FEED_PL_ALL,2018/03/07 01:06:38,2018/03/07 02:45:54,1:39:16
sSTG_FEED_PL_MAIN,2018/03/07 01:06:38,2018/03/07 02:45:33,1:38:55
sSTG_FEED_PL_SV_ALL,2018/03/07 01:06:38,2018/03/07 03:13:25,2:6:47
sSTG_FEED_PL_SV_MAIN,2018/03/07 01:06:38,2018/03/07 03:13:15,2:6:37
sSTG_FEED_PL_OIS_YEST,2018/03/07 01:06:38,2018/03/07 01:52:38,0:46:0
sSTG_FEED_MV_ALL,2018/03/07 01:06:38,2018/03/07 02:43:29,1:36:51
sSTG_FEED_MV_MAIN,2018/03/07 01:06:38,2018/03/07 02:43:00,1:36:22
sSTG_FEED_PL_SV_YEST,2018/03/07 01:06:38,2018/03/07 03:13:15,2:6:37
sSTG_FEED_PL_OM-1,2018/03/07 01:06:38,2018/03/07 02:33:17,1:26:39
sSTG_FEED_SV_ALL,2018/03/07 01:06:38,2018/03/07 03:10:57,2:4:19
sSTG_FEED_PL_2OM,2018/03/07 01:06:38,2018/03/07 02:45:33,1:38:55
sSTG_FEED_SV_MAIN,2018/03/07 01:06:38,2018/03/07 03:10:19,2:3:41
sSTG_FEED_PL_SV_L_YEST-1,2018/03/07 01:06:38,2018/03/07 02:57:53,1:51:15
sSTG_FEED_MV_2OM,2018/03/07 01:06:38,2018/03/07 02:43:00,1:36:22
sSTG_FEED_SV_CS1_ALL,2018/03/07 01:06:38,2018/03/07 02:41:09,1:34:31
sSTG_FEED_SV_CS1_MAIN,2018/03/07 01:06:38,2018/03/07 02:41:09,1:34:31
sSTG_FEED_PL_SV_L_OM,2018/03/07 01:06:38,2018/03/07 03:12:05,2:5:27
sSTG_FEED_SV_YEST,2018/03/07 01:06:38,2018/03/07 03:09:55,2:3:17
sSTG_FEED_MV_OM-1,2018/03/07 01:06:38,2018/03/07 02:41:21,1:34:43
sSTG_FEED_XG_ALL,2018/03/07 01:06:38,2018/03/07 03:17:05,2:10:27
sSTG_FEED_XG_MAIN,2018/03/07 01:06:38,2018/03/07 03:14:22,2:7:44
sSTG_FEED_SV_L_YEST-1,2018/03/07 01:06:38,2018/03/07 03:10:19,2:3:41
sSTG_FEED_VAR,2018/03/07 01:06:38,2018/03/07 04:02:09,2:55:31
sSTG_FEED_VAR_STRESS_TEST,2018/03/07 01:06:38,2018/03/07 04:00:25,2:53:47
sSTG_FEED_TAYLOR,2018/03/07 01:06:38,2018/03/07 04:10:10,3:3:32
sSTG_FEED_VAR_PART1,2018/03/07 01:06:38,2018/03/07 04:00:25,2:53:47
sSTG_FEED_VAR_PART2,2018/03/07 01:06:38,2018/03/07 03:35:38,2:29:0
sSTG_FEED_VAR_PART3,2018/03/07 01:06:38,2018/03/07 03:19:20,2:12:42
sSTG_FEED_VAR_PART4,2018/03/07 01:06:38,2018/03/07 03:45:54,2:39:16
sSTG_FEED_VAR_PART5,2018/03/07 01:06:38,2018/03/07 03:11:14,2:4:36
sSTG_FEED_VAR_PART6,2018/03/07 01:06:38,2018/03/07 02:51:38,1:45:0
sSTG_FEED_VAR_PART7,2018/03/07 01:06:38,2018/03/07 02:58:37,1:51:59
sSTG_FEED_VAR_PART8,2018/03/07 01:06:38,2018/03/07 03:30:59,2:24:21
sSTG_FEED_MISC_INDEX_2B,2018/03/07 01:57:49,2018/03/07 02:02:54,0:5:5
sSTG_FEED_COM_RISK_SPEC_INDEX_ALL,2018/03/07 02:00:44,2018/03/07 02:00:44,0:0:0
sSTG_FEED_MISC_INDEX,2018/03/07 02:10:52,2018/03/07 02:11:01,0:0:9
sSTG_FEED_SV_CS1_INDEX_ALL,2018/03/07 02:41:09,2018/03/07 02:41:09,0:0:0
sSTG_FEED_MV_INDEX_ALL,2018/03/07 02:43:00,2018/03/07 02:43:29,0:0:29
sSTG_FEED_PL_INDEX_ALL,2018/03/07 02:45:33,2018/03/07 02:45:54,0:0:21
sSTG_FEED_IRD_RISK_SPEC_INDEX_ALL,2018/03/07 02:53:28,2018/03/07 02:53:28,0:0:0
sSTG_FEED_DT_02,2018/03/07 02:55:28,2018/03/07 03:00:06,0:4:38
sSTG_FEED_DT_INDEX_ALL,2018/03/07 03:00:06,2018/03/07 03:00:48,0:0:42
sSTG_FEED_CS_INDEX_ALL,2018/03/07 03:02:38,2018/03/07 03:05:41,0:3:3
sSTG_FEED_FX_RISK_SPEC_INDEX_ALL,2018/03/07 03:02:40,2018/03/07 03:02:41,0:0:1
sSTG_FEED_SV_INDEX_ALL,2018/03/07 03:10:19,2018/03/07 03:10:57,0:0:38
sSTG_FEED_PL_SV_INDEX_ALL,2018/03/07 03:13:15,2018/03/07 03:13:25,0:0:10
sSTG_FEED_XG_INDEX_ALL,2018/03/07 03:14:22,2018/03/07 03:14:34,0:0:12
sSTG_FEED_MIFID,2018/03/07 03:14:34,2018/03/07 03:17:02,0:2:28
sSTG_FEED_UPD_MIFID,2018/03/07 03:17:02,2018/03/07 03:17:05,0:0:3
sSTG_FEED_VAR_DATAMART,2018/03/07 04:00:25,2018/03/07 04:02:06,0:1:41
sSTG_FEED_VAR_INDEX,2018/03/07 04:02:06,2018/03/07 04:02:09,0:0:3
sLAUNCH_MASTER_LAUNCHER,2018/03/07 04:10:10,2018/03/07 04:10:10,0:0:0
sSTG_FEED_PARSER_FUNCTION,2018/03/07 04:10:10,2018/03/07 04:26:19,0:16:9
sSTG_FEED_CVPRC,2018/03/07 04:10:10,2018/03/07 04:13:50,0:3:40
sSTG_FEED_CVSPT,2018/03/07 04:10:10,2018/03/07 04:11:37,0:1:27
sSTG_FEED_DTSEC,2018/03/07 04:10:10,2018/03/07 04:26:19,0:16:9
sSTG_FEED_RTNBD,2018/03/07 04:10:10,2018/03/07 04:11:37,0:1:27
sSTG_VALIDATE_INTEGRITY,2018/03/07 04:26:19,2018/03/07 04:26:25,0:0:6
sODS_TRUNCATE,2018/03/07 04:26:25,2018/03/07 04:26:27,0:0:2
sODS_DROP_INDEX,2018/03/07 04:26:27,2018/03/07 04:26:28,0:0:1
sODS_FEED_ALL,2018/03/07 04:26:28,2018/03/07 05:22:30,0:56:2
sODS_FEED_COMRISK_SPEC,2018/03/07 04:26:28,2018/03/07 04:28:49,0:2:21
sODS_FEED_CRDRISK_SPEC,2018/03/07 04:26:28,2018/03/07 04:27:00,0:0:32
sODS_FEED_CS,2018/03/07 04:26:28,2018/03/07 05:22:30,0:56:2
sODS_FEED_CS_FUT_L,2018/03/07 04:26:28,2018/03/07 04:27:28,0:1:0
sODS_FEED_CS_EVAL,2018/03/07 04:26:28,2018/03/07 04:28:11,0:1:43
sODS_FEED_DT,2018/03/07 04:26:28,2018/03/07 04:59:07,0:32:39
sODS_FEED_DT_SV,2018/03/07 04:26:28,2018/03/07 04:41:59,0:15:31
sODS_FEED_FXRISK_SPEC,2018/03/07 04:26:28,2018/03/07 04:28:25,0:1:57
sODS_FEED_IRDRISK,2018/03/07 04:26:28,2018/03/07 04:29:07,0:2:39
sODS_FEED_IRDRISK_SPEC,2018/03/07 04:26:28,2018/03/07 04:29:59,0:3:31
sODS_FEED_MV_DETAIL,2018/03/07 04:26:28,2018/03/07 04:53:23,0:26:55
sODS_FEED_PL,2018/03/07 04:26:28,2018/03/07 04:42:08,0:15:40
sODS_FEED_PL_HS,2018/03/07 04:26:28,2018/03/07 04:29:35,0:3:7
sODS_FEED_PL_SV,2018/03/07 04:26:28,2018/03/07 04:30:28,0:4:0
sODS_FEED_SV,2018/03/07 04:26:28,2018/03/07 04:36:21,0:9:53
sODS_FEED_VAR_COM,2018/03/07 04:26:28,2018/03/07 04:29:49,0:3:21
sODS_FEED_VAR_SCN,2018/03/07 04:26:28,2018/03/07 04:28:14,0:1:46
sODS_FEED_XG,2018/03/07 04:26:28,2018/03/07 04:32:25,0:5:57
sODS_FEED_TAYLOR_COM,2018/03/07 04:26:28,2018/03/07 04:33:43,0:7:15
sODS_FEED_TAYLOR_CRD,2018/03/07 04:26:28,2018/03/07 04:42:52,0:16:24
sODS_FEED_TAYLOR_CURR,2018/03/07 04:26:28,2018/03/07 04:44:11,0:17:43
sODS_FEED_TAYLOR_IRD,2018/03/07 04:26:28,2018/03/07 04:39:10,0:12:42
sODS_SQL,2018/03/07 05:22:30,2018/03/07 05:46:54,0:24:24
sODS_SQL_UPDATE,2018/03/07 05:22:30,2018/03/07 05:33:08,0:10:38
sUPDATE_STATISTICS,2018/03/07 05:22:30,2018/03/07 05:46:54,0:24:24
sODS_UPD_CS,2018/03/07 05:22:30,2018/03/07 05:22:30,0:0:0
sODS_UPD_CS_FUT,2018/03/07 05:22:30,2018/03/07 05:22:30,0:0:0
sODS_UPD_DT,2018/03/07 05:22:30,2018/03/07 05:29:20,0:6:50
sODS_UPD_DT_SV,2018/03/07 05:22:30,2018/03/07 05:22:30,0:0:0
sODS_UPD_MV,2018/03/07 05:22:30,2018/03/07 05:33:08,0:10:38
sODS_UPD_PL,2018/03/07 05:22:30,2018/03/07 05:32:31,0:10:1
sODS_UPD_PL_SV,2018/03/07 05:22:30,2018/03/07 05:33:04,0:10:34
sODS_UPD_SV,2018/03/07 05:22:30,2018/03/07 05:24:14,0:1:44
sODS_UPD_XG,2018/03/07 05:22:30,2018/03/07 05:22:45,0:0:15
sODS_VALIDATE_INTEGRITY,2018/03/07 05:46:54,2018/03/07 05:47:00,0:0:6
sWORKFLOW_RESET,2018/03/07 05:47:00,2018/03/07 05:47:01,0:0:1
sBACKUP,2018/03/07 05:47:01,2018/03/07 05:47:01,0:0:0
sMARKER_END,2018/03/07 05:47:01,2018/03/07 05:47:29,0:0:28
sEMAIL_END,2018/03/07 05:47:29,2018/03/07 05:47:30,0:0:1
State,Start,End,Run time
sEOD_LIVE,2018/03/09 23:53:27,2018/03/10 05:13:07,5:19:40
sEMAIL_START,2018/03/09 23:53:27,2018/03/09 23:53:27,0:0:0
sMARKER_START,2018/03/09 23:53:27,2018/03/09 23:53:50,0:0:23
sCHECK_DATE,2018/03/09 23:53:50,2018/03/09 23:53:50,0:0:0
sDATE_INIT,2018/03/09 23:53:50,2018/03/09 23:57:37,0:3:47
sSTG_WAIT_COMPTA_PLCOMP,2018/03/09 23:57:37,2018/03/10 00:14:46,0:17:9
sSTG_TRUNCATE,2018/03/10 00:14:46,2018/03/10 00:14:48,0:0:2
sSTG_DROP_INDEX,2018/03/10 00:14:48,2018/03/10 00:14:48,0:0:0
sSTG_FEED_MAIN,2018/03/10 00:14:48,2018/03/10 03:26:49,3:12:1
sSTG_FEED_MISC_ALL,2018/03/10 00:14:49,2018/03/10 01:23:06,1:8:17
sSTG_FEED_MISC_MAIN,2018/03/10 00:14:49,2018/03/10 01:23:06,1:8:17
sSTG_FEED_COM_RISK_SPEC_ALL,2018/03/10 00:14:49,2018/03/10 01:21:43,1:6:54
sSTG_FEED_COM_RISK_SPEC_MAIN,2018/03/10 00:14:49,2018/03/10 01:21:42,1:6:53
sSTG_FEED_MISC,2018/03/10 00:14:49,2018/03/10 01:22:56,1:8:7
sSTG_FEED_CS_ALL,2018/03/10 00:14:49,2018/03/10 02:18:58,2:4:9
sSTG_FEED_MISC_MAIN2,2018/03/10 00:14:49,2018/03/10 01:14:16,0:59:27
sSTG_FEED_MISC_2A,2018/03/10 00:14:49,2018/03/10 01:11:04,0:56:15
sSTG_FEED_CS_MAIN,2018/03/10 00:14:49,2018/03/10 02:15:58,2:1:9
sSTG_FEED_DT_ALL,2018/03/10 00:14:49,2018/03/10 02:16:34,2:1:45
sSTG_FEED_CS_OM,2018/03/10 00:14:49,2018/03/10 02:15:58,2:1:9
sSTG_FEED_DT_MAIN,2018/03/10 00:14:49,2018/03/10 02:15:36,2:0:47
sSTG_FEED_DT_01,2018/03/10 00:14:49,2018/03/10 02:10:51,1:56:2
sSTG_FEED_FX_RISK_SPEC_ALL,2018/03/10 00:14:49,2018/03/10 02:20:12,2:5:23
sSTG_FEED_CS_TODAY,2018/03/10 00:14:49,2018/03/10 01:57:09,1:42:20
sSTG_FEED_FX_RISK_SPEC_MAIN,2018/03/10 00:14:49,2018/03/10 02:20:12,2:5:23
sSTG_FEED_IRD_RISK_SPEC_ALL,2018/03/10 00:14:49,2018/03/10 02:05:25,1:50:36
sSTG_FEED_CS_OTHER,2018/03/10 00:14:49,2018/03/10 01:58:30,1:43:41
sSTG_FEED_IRD_RISK_SPEC_MAIN,2018/03/10 00:14:49,2018/03/10 02:05:25,1:50:36
sSTG_FEED_PL_ALL,2018/03/10 00:14:49,2018/03/10 01:56:39,1:41:50
sSTG_FEED_PL_MAIN,2018/03/10 00:14:49,2018/03/10 01:56:19,1:41:30
sSTG_FEED_PL_SV_ALL,2018/03/10 00:14:49,2018/03/10 02:24:38,2:9:49
sSTG_FEED_MV_ALL,2018/03/10 00:14:49,2018/03/10 01:58:09,1:43:20
sSTG_FEED_PL_OIS_YEST,2018/03/10 00:14:49,2018/03/10 01:05:24,0:50:35
sSTG_FEED_MV_MAIN,2018/03/10 00:14:49,2018/03/10 01:57:41,1:42:52
sSTG_FEED_PL_SV_MAIN,2018/03/10 00:14:49,2018/03/10 02:24:27,2:9:38
sSTG_FEED_SV_ALL,2018/03/10 00:14:49,2018/03/10 02:25:48,2:10:59
sSTG_FEED_PL_OM-1,2018/03/10 00:14:49,2018/03/10 01:42:48,1:27:59
sSTG_FEED_SV_MAIN,2018/03/10 00:14:49,2018/03/10 02:25:16,2:10:27
sSTG_FEED_PL_SV_YEST,2018/03/10 00:14:49,2018/03/10 02:22:49,2:8:0
sSTG_FEED_MV_2OM,2018/03/10 00:14:49,2018/03/10 01:53:32,1:38:43
sSTG_FEED_SV_CS1_ALL,2018/03/10 00:14:49,2018/03/10 01:49:01,1:34:12
sSTG_FEED_PL_2OM,2018/03/10 00:14:49,2018/03/10 01:56:19,1:41:30
sSTG_FEED_SV_YEST,2018/03/10 00:14:49,2018/03/10 02:25:01,2:10:12
sSTG_FEED_SV_CS1_MAIN,2018/03/10 00:14:49,2018/03/10 01:49:01,1:34:12
sSTG_FEED_PL_SV_L_YEST-1,2018/03/10 00:14:49,2018/03/10 02:08:29,1:53:40
sSTG_FEED_MV_OM-1,2018/03/10 00:14:49,2018/03/10 01:57:41,1:42:52
sSTG_FEED_XG_ALL,2018/03/10 00:14:49,2018/03/10 02:18:13,2:3:24
sSTG_FEED_PL_SV_L_OM,2018/03/10 00:14:49,2018/03/10 02:24:27,2:9:38
sSTG_FEED_XG_MAIN,2018/03/10 00:14:49,2018/03/10 02:15:30,2:0:41
sSTG_FEED_SV_L_YEST-1,2018/03/10 00:14:49,2018/03/10 02:25:16,2:10:27
sSTG_FEED_VAR,2018/03/10 00:14:49,2018/03/10 03:09:22,2:54:33
sSTG_FEED_VAR_STRESS_TEST,2018/03/10 00:14:49,2018/03/10 03:07:40,2:52:51
sSTG_FEED_VAR_PART1,2018/03/10 00:14:49,2018/03/10 03:07:40,2:52:51
sSTG_FEED_TAYLOR,2018/03/10 00:14:49,2018/03/10 03:26:48,3:11:59
sSTG_FEED_VAR_PART2,2018/03/10 00:14:49,2018/03/10 02:44:48,2:29:59
sSTG_FEED_VAR_PART3,2018/03/10 00:14:49,2018/03/10 02:27:50,2:13:1
sSTG_FEED_VAR_PART4,2018/03/10 00:14:49,2018/03/10 02:39:12,2:24:23
sSTG_FEED_VAR_PART5,2018/03/10 00:14:49,2018/03/10 02:11:53,1:57:4
sSTG_FEED_VAR_PART6,2018/03/10 00:14:49,2018/03/10 01:56:53,1:42:4
sSTG_FEED_VAR_PART7,2018/03/10 00:14:49,2018/03/10 02:02:29,1:47:40
sSTG_FEED_VAR_PART8,2018/03/10 00:14:49,2018/03/10 02:34:44,2:19:55
sSTG_FEED_MISC_INDEX_2B,2018/03/10 01:11:04,2018/03/10 01:14:16,0:3:12
sSTG_FEED_COM_RISK_SPEC_INDEX_ALL,2018/03/10 01:21:42,2018/03/10 01:21:43,0:0:1
sSTG_FEED_MISC_INDEX,2018/03/10 01:22:56,2018/03/10 01:23:06,0:0:10
sSTG_FEED_SV_CS1_INDEX_ALL,2018/03/10 01:49:01,2018/03/10 01:49:01,0:0:0
sSTG_FEED_PL_INDEX_ALL,2018/03/10 01:56:19,2018/03/10 01:56:39,0:0:20
sSTG_FEED_MV_INDEX_ALL,2018/03/10 01:57:41,2018/03/10 01:58:09,0:0:28
sSTG_FEED_IRD_RISK_SPEC_INDEX_ALL,2018/03/10 02:05:25,2018/03/10 02:05:25,0:0:0
sSTG_FEED_DT_02,2018/03/10 02:10:51,2018/03/10 02:15:36,0:4:45
sSTG_FEED_XG_INDEX_ALL,2018/03/10 02:15:30,2018/03/10 02:15:40,0:0:10
sSTG_FEED_DT_INDEX_ALL,2018/03/10 02:15:36,2018/03/10 02:16:34,0:0:58
sSTG_FEED_MIFID,2018/03/10 02:15:40,2018/03/10 02:18:09,0:2:29
sSTG_FEED_CS_INDEX_ALL,2018/03/10 02:15:58,2018/03/10 02:18:58,0:3:0
sSTG_FEED_UPD_MIFID,2018/03/10 02:18:09,2018/03/10 02:18:13,0:0:4
sSTG_FEED_FX_RISK_SPEC_INDEX_ALL,2018/03/10 02:20:12,2018/03/10 02:20:12,0:0:0
sSTG_FEED_PL_SV_INDEX_ALL,2018/03/10 02:24:27,2018/03/10 02:24:38,0:0:11
sSTG_FEED_SV_INDEX_ALL,2018/03/10 02:25:16,2018/03/10 02:25:48,0:0:32
sSTG_FEED_VAR_DATAMART,2018/03/10 03:07:40,2018/03/10 03:09:19,0:1:39
sSTG_FEED_VAR_INDEX,2018/03/10 03:09:19,2018/03/10 03:09:22,0:0:3
sLAUNCH_MASTER_LAUNCHER,2018/03/10 03:26:49,2018/03/10 03:26:49,0:0:0
sSTG_FEED_PARSER_FUNCTION,2018/03/10 03:26:49,2018/03/10 03:42:52,0:16:3
sSTG_FEED_CVPRC,2018/03/10 03:26:49,2018/03/10 03:30:21,0:3:32
sSTG_FEED_CVSPT,2018/03/10 03:26:49,2018/03/10 03:28:20,0:1:31
sSTG_FEED_DTSEC,2018/03/10 03:26:49,2018/03/10 03:42:52,0:16:3
sSTG_FEED_RTNBD,2018/03/10 03:26:49,2018/03/10 03:28:18,0:1:29
sSTG_VALIDATE_INTEGRITY,2018/03/10 03:42:52,2018/03/10 03:42:57,0:0:5
sODS_TRUNCATE,2018/03/10 03:42:57,2018/03/10 03:42:59,0:0:2
sODS_DROP_INDEX,2018/03/10 03:42:59,2018/03/10 03:42:59,0:0:0
sODS_FEED_ALL,2018/03/10 03:42:59,2018/03/10 04:45:59,1:3:0
sODS_FEED_COMRISK_SPEC,2018/03/10 03:42:59,2018/03/10 03:45:39,0:2:40
sODS_FEED_CRDRISK_SPEC,2018/03/10 03:42:59,2018/03/10 03:43:36,0:0:37
sODS_FEED_CS,2018/03/10 03:42:59,2018/03/10 04:45:58,1:2:59
sODS_FEED_CS_FUT_L,2018/03/10 03:42:59,2018/03/10 03:43:55,0:0:56
sODS_FEED_CS_EVAL,2018/03/10 03:42:59,2018/03/10 03:44:59,0:2:0
sODS_FEED_DT,2018/03/10 03:42:59,2018/03/10 04:17:00,0:34:1
sODS_FEED_DT_SV,2018/03/10 03:43:00,2018/03/10 03:58:27,0:15:27
sODS_FEED_FXRISK_SPEC,2018/03/10 03:43:00,2018/03/10 03:45:04,0:2:4
sODS_FEED_IRDRISK,2018/03/10 03:43:00,2018/03/10 03:45:17,0:2:17
sODS_FEED_IRDRISK_SPEC,2018/03/10 03:43:00,2018/03/10 03:46:33,0:3:33
sODS_FEED_MV_DETAIL,2018/03/10 03:43:00,2018/03/10 04:10:30,0:27:30
sODS_FEED_PL,2018/03/10 03:43:00,2018/03/10 03:59:07,0:16:7
sODS_FEED_PL_HS,2018/03/10 03:43:00,2018/03/10 03:46:13,0:3:13
sODS_FEED_PL_SV,2018/03/10 03:43:00,2018/03/10 03:47:27,0:4:27
sODS_FEED_SV,2018/03/10 03:43:00,2018/03/10 03:52:41,0:9:41
sODS_FEED_VAR_COM,2018/03/10 03:43:00,2018/03/10 03:46:21,0:3:21
sODS_FEED_VAR_SCN,2018/03/10 03:43:00,2018/03/10 03:44:47,0:1:47
sODS_FEED_XG,2018/03/10 03:43:00,2018/03/10 03:48:22,0:5:22
sODS_FEED_TAYLOR_COM,2018/03/10 03:43:00,2018/03/10 03:51:45,0:8:45
sODS_FEED_TAYLOR_CRD,2018/03/10 03:43:00,2018/03/10 03:59:23,0:16:23
sODS_FEED_TAYLOR_CURR,2018/03/10 03:43:00,2018/03/10 04:00:46,0:17:46
sODS_FEED_TAYLOR_IRD,2018/03/10 03:43:00,2018/03/10 03:55:52,0:12:52
sODS_SQL,2018/03/10 04:45:59,2018/03/10 05:12:38,0:26:39
sODS_SQL_UPDATE,2018/03/10 04:45:59,2018/03/10 05:02:04,0:16:5
sODS_UPD_CS,2018/03/10 04:45:59,2018/03/10 04:45:59,0:0:0
sUPDATE_STATISTICS,2018/03/10 04:45:59,2018/03/10 05:12:38,0:26:39
sODS_UPD_CS_FUT,2018/03/10 04:45:59,2018/03/10 04:45:59,0:0:0
sODS_UPD_DT,2018/03/10 04:45:59,2018/03/10 04:53:57,0:7:58
sODS_UPD_MV,2018/03/10 04:45:59,2018/03/10 05:00:05,0:14:6
sODS_UPD_DT_SV,2018/03/10 04:45:59,2018/03/10 04:45:59,0:0:0
sODS_UPD_PL,2018/03/10 04:45:59,2018/03/10 05:01:10,0:15:11
sODS_UPD_PL_SV,2018/03/10 04:45:59,2018/03/10 05:02:04,0:16:5
sODS_UPD_SV,2018/03/10 04:45:59,2018/03/10 04:47:51,0:1:52
sODS_UPD_XG,2018/03/10 04:45:59,2018/03/10 04:46:14,0:0:15
sODS_VALIDATE_INTEGRITY,2018/03/10 05:12:38,2018/03/10 05:12:45,0:0:7
sWORKFLOW_RESET,2018/03/10 05:12:45,2018/03/10 05:12:45,0:0:0
sBACKUP,2018/03/10 05:12:45,2018/03/10 05:12:46,0:0:1
sMARKER_END,2018/03/10 05:12:46,2018/03/10 05:13:07,0:0:21
sEMAIL_END,2018/03/10 05:13:07,2018/03/10 05:13:07,0:0:0
State,Start,End,Run time
sEOD_LIVE,2018/03/10 20:40:07,2018/03/11 01:40:34,5:0:27
sEMAIL_START,2018/03/10 20:40:07,2018/03/10 20:40:07,0:0:0
sMARKER_START,2018/03/10 20:40:07,2018/03/10 20:40:28,0:0:21
sCHECK_DATE,2018/03/10 20:40:28,2018/03/10 20:40:28,0:0:0
sDATE_INIT,2018/03/10 20:40:28,2018/03/10 20:44:09,0:3:41
sSTG_TRUNCATE,2018/03/10 20:44:09,2018/03/10 20:44:13,0:0:4
sSTG_DROP_INDEX,2018/03/10 20:44:13,2018/03/10 20:44:13,0:0:0
sSTG_FEED_MAIN,2018/03/10 20:44:13,2018/03/10 23:57:48,3:13:35
sSTG_FEED_MISC_ALL,2018/03/10 20:44:13,2018/03/10 21:49:36,1:5:23
sSTG_FEED_MISC_MAIN,2018/03/10 20:44:13,2018/03/10 21:49:36,1:5:23
sSTG_FEED_MISC,2018/03/10 20:44:13,2018/03/10 21:49:28,1:5:15
sSTG_FEED_COM_RISK_SPEC_ALL,2018/03/10 20:44:13,2018/03/10 21:42:50,0:58:37
sSTG_FEED_COM_RISK_SPEC_MAIN,2018/03/10 20:44:13,2018/03/10 21:42:48,0:58:35
sSTG_FEED_MISC_MAIN2,2018/03/10 20:44:13,2018/03/10 21:41:19,0:57:6
sSTG_FEED_MISC_2A,2018/03/10 20:44:13,2018/03/10 21:39:26,0:55:13
sSTG_FEED_CS_ALL,2018/03/10 20:44:13,2018/03/10 22:51:46,2:7:33
sSTG_FEED_CS_MAIN,2018/03/10 20:44:13,2018/03/10 22:48:54,2:4:41
sSTG_FEED_CS_OM,2018/03/10 20:44:13,2018/03/10 22:48:54,2:4:41
sSTG_FEED_DT_ALL,2018/03/10 20:44:13,2018/03/10 22:47:01,2:2:48
sSTG_FEED_DT_MAIN,2018/03/10 20:44:13,2018/03/10 22:46:23,2:2:10
sSTG_FEED_DT_01,2018/03/10 20:44:13,2018/03/10 22:41:38,1:57:25
sSTG_FEED_CS_TODAY,2018/03/10 20:44:13,2018/03/10 22:31:56,1:47:43
sSTG_FEED_FX_RISK_SPEC_ALL,2018/03/10 20:44:13,2018/03/10 22:49:06,2:4:53
sSTG_FEED_FX_RISK_SPEC_MAIN,2018/03/10 20:44:13,2018/03/10 22:49:06,2:4:53
sSTG_FEED_CS_OTHER,2018/03/10 20:44:13,2018/03/10 22:28:51,1:44:38
sSTG_FEED_IRD_RISK_SPEC_ALL,2018/03/10 20:44:13,2018/03/10 22:42:07,1:57:54
sSTG_FEED_IRD_RISK_SPEC_MAIN,2018/03/10 20:44:13,2018/03/10 22:42:06,1:57:53
sSTG_FEED_PL_ALL,2018/03/10 20:44:13,2018/03/10 22:30:54,1:46:41
sSTG_FEED_PL_MAIN,2018/03/10 20:44:13,2018/03/10 22:30:33,1:46:20
sSTG_FEED_PL_OIS_YEST,2018/03/10 20:44:13,2018/03/10 21:34:19,0:50:6
sSTG_FEED_PL_SV_ALL,2018/03/10 20:44:13,2018/03/10 22:59:17,2:15:4
sSTG_FEED_PL_SV_MAIN,2018/03/10 20:44:13,2018/03/10 22:59:08,2:14:55
sSTG_FEED_PL_OM-1,2018/03/10 20:44:14,2018/03/10 22:17:27,1:33:13
sSTG_FEED_MV_ALL,2018/03/10 20:44:14,2018/03/10 22:34:15,1:50:1
sSTG_FEED_MV_MAIN,2018/03/10 20:44:14,2018/03/10 22:33:51,1:49:37
sSTG_FEED_PL_SV_YEST,2018/03/10 20:44:14,2018/03/10 22:57:08,2:12:54
sSTG_FEED_SV_ALL,2018/03/10 20:44:14,2018/03/10 22:59:33,2:15:19
sSTG_FEED_SV_MAIN,2018/03/10 20:44:14,2018/03/10 22:58:58,2:14:44
sSTG_FEED_MV_2OM,2018/03/10 20:44:14,2018/03/10 22:29:12,1:44:58
sSTG_FEED_PL_2OM,2018/03/10 20:44:14,2018/03/10 22:30:33,1:46:19
sSTG_FEED_PL_SV_L_YEST-1,2018/03/10 20:44:14,2018/03/10 22:40:22,1:56:8
sSTG_FEED_SV_CS1_ALL,2018/03/10 20:44:14,2018/03/10 22:22:39,1:38:25
sSTG_FEED_SV_CS1_MAIN,2018/03/10 20:44:14,2018/03/10 22:22:38,1:38:24
sSTG_FEED_PL_SV_L_OM,2018/03/10 20:44:14,2018/03/10 22:59:08,2:14:54
sSTG_FEED_MV_OM-1,2018/03/10 20:44:14,2018/03/10 22:33:51,1:49:37
sSTG_FEED_SV_L_YEST-1,2018/03/10 20:44:14,2018/03/10 22:58:58,2:14:44
sSTG_FEED_SV_YEST,2018/03/10 20:44:14,2018/03/10 22:55:19,2:11:5
sSTG_FEED_XG_ALL,2018/03/10 20:44:14,2018/03/10 23:08:44,2:24:30
sSTG_FEED_XG_MAIN,2018/03/10 20:44:14,2018/03/10 23:06:00,2:21:46
sSTG_FEED_VAR,2018/03/10 20:44:14,2018/03/10 23:18:46,2:34:32
sSTG_FEED_VAR_STRESS_TEST,2018/03/10 20:44:14,2018/03/10 23:17:03,2:32:49
sSTG_FEED_TAYLOR,2018/03/10 20:44:14,2018/03/10 23:57:48,3:13:34
sSTG_FEED_VAR_PART1,2018/03/10 20:44:14,2018/03/10 23:16:29,2:32:15
sSTG_FEED_VAR_PART2,2018/03/10 20:44:14,2018/03/10 23:17:03,2:32:49
sSTG_FEED_VAR_PART3,2018/03/10 20:44:14,2018/03/10 22:56:31,2:12:17
sSTG_FEED_VAR_PART4,2018/03/10 20:44:14,2018/03/10 23:01:00,2:16:46
sSTG_FEED_VAR_PART5,2018/03/10 20:44:14,2018/03/10 22:32:30,1:48:16
sSTG_FEED_VAR_PART6,2018/03/10 20:44:14,2018/03/10 22:26:18,1:42:4
sSTG_FEED_VAR_PART7,2018/03/10 20:44:14,2018/03/10 22:31:41,1:47:27
sSTG_FEED_VAR_PART8,2018/03/10 20:44:14,2018/03/10 23:05:29,2:21:15
sSTG_FEED_MISC_INDEX_2B,2018/03/10 21:39:26,2018/03/10 21:41:19,0:1:53
sSTG_FEED_COM_RISK_SPEC_INDEX_ALL,2018/03/10 21:42:48,2018/03/10 21:42:50,0:0:2
sSTG_FEED_MISC_INDEX,2018/03/10 21:49:28,2018/03/10 21:49:36,0:0:8
sSTG_FEED_SV_CS1_INDEX_ALL,2018/03/10 22:22:38,2018/03/10 22:22:39,0:0:1
sSTG_FEED_PL_INDEX_ALL,2018/03/10 22:30:33,2018/03/10 22:30:54,0:0:21
sSTG_FEED_MV_INDEX_ALL,2018/03/10 22:33:51,2018/03/10 22:34:15,0:0:24
sSTG_FEED_DT_02,2018/03/10 22:41:38,2018/03/10 22:46:23,0:4:45
sSTG_FEED_IRD_RISK_SPEC_INDEX_ALL,2018/03/10 22:42:06,2018/03/10 22:42:07,0:0:1
sSTG_FEED_DT_INDEX_ALL,2018/03/10 22:46:23,2018/03/10 22:47:01,0:0:38
sSTG_FEED_CS_INDEX_ALL,2018/03/10 22:48:54,2018/03/10 22:51:46,0:2:52
sSTG_FEED_FX_RISK_SPEC_INDEX_ALL,2018/03/10 22:49:06,2018/03/10 22:49:06,0:0:0
sSTG_FEED_SV_INDEX_ALL,2018/03/10 22:58:58,2018/03/10 22:59:33,0:0:35
sSTG_FEED_PL_SV_INDEX_ALL,2018/03/10 22:59:08,2018/03/10 22:59:17,0:0:9
sSTG_FEED_XG_INDEX_ALL,2018/03/10 23:06:00,2018/03/10 23:06:11,0:0:11
sSTG_FEED_MIFID,2018/03/10 23:06:11,2018/03/10 23:08:40,0:2:29
sSTG_FEED_UPD_MIFID,2018/03/10 23:08:40,2018/03/10 23:08:44,0:0:4
sSTG_FEED_VAR_DATAMART,2018/03/10 23:17:03,2018/03/10 23:18:43,0:1:40
sSTG_FEED_VAR_INDEX,2018/03/10 23:18:43,2018/03/10 23:18:46,0:0:3
sSTG_FEED_PARSER_FUNCTION,2018/03/10 23:57:48,2018/03/11 00:14:16,0:16:28
sSTG_FEED_CVPRC,2018/03/10 23:57:48,2018/03/11 00:01:00,0:3:12
sSTG_FEED_CVSPT,2018/03/10 23:57:48,2018/03/10 23:59:05,0:1:17
sSTG_FEED_DTSEC,2018/03/10 23:57:48,2018/03/11 00:14:16,0:16:28
sSTG_FEED_RTNBD,2018/03/10 23:57:48,2018/03/10 23:59:05,0:1:17
sSTG_VALIDATE_INTEGRITY,2018/03/11 00:14:16,2018/03/11 00:14:21,0:0:5
sODS_TRUNCATE,2018/03/11 00:14:21,2018/03/11 00:14:22,0:0:1
sODS_DROP_INDEX,2018/03/11 00:14:22,2018/03/11 00:14:23,0:0:1
sODS_FEED_ALL,2018/03/11 00:14:23,2018/03/11 01:17:02,1:2:39
sODS_FEED_COMRISK_SPEC,2018/03/11 00:14:23,2018/03/11 00:17:13,0:2:50
sODS_FEED_CRDRISK_SPEC,2018/03/11 00:14:23,2018/03/11 00:14:54,0:0:31
sODS_FEED_CS,2018/03/11 00:14:23,2018/03/11 01:17:02,1:2:39
sODS_FEED_CS_FUT_L,2018/03/11 00:14:23,2018/03/11 00:15:24,0:1:1
sODS_FEED_CS_EVAL,2018/03/11 00:14:23,2018/03/11 00:16:35,0:2:12
sODS_FEED_DT,2018/03/11 00:14:23,2018/03/11 00:45:22,0:30:59
sODS_FEED_DT_SV,2018/03/11 00:14:23,2018/03/11 00:29:49,0:15:26
sODS_FEED_FXRISK_SPEC,2018/03/11 00:14:23,2018/03/11 00:16:30,0:2:7
sODS_FEED_IRDRISK,2018/03/11 00:14:23,2018/03/11 00:16:45,0:2:22
sODS_FEED_IRDRISK_SPEC,2018/03/11 00:14:23,2018/03/11 00:18:12,0:3:49
sODS_FEED_MV_DETAIL,2018/03/11 00:14:23,2018/03/11 00:42:02,0:27:39
sODS_FEED_PL,2018/03/11 00:14:23,2018/03/11 00:30:01,0:15:38
sODS_FEED_PL_HS,2018/03/11 00:14:23,2018/03/11 00:18:06,0:3:43
sODS_FEED_PL_SV,2018/03/11 00:14:23,2018/03/11 00:18:31,0:4:8
sODS_FEED_SV,2018/03/11 00:14:23,2018/03/11 00:23:25,0:9:2
sODS_FEED_VAR_COM,2018/03/11 00:14:23,2018/03/11 00:17:32,0:3:9
sODS_FEED_VAR_SCN,2018/03/11 00:14:23,2018/03/11 00:16:08,0:1:45
sODS_FEED_XG,2018/03/11 00:14:23,2018/03/11 00:19:47,0:5:24
sODS_FEED_TAYLOR_COM,2018/03/11 00:14:23,2018/03/11 00:22:40,0:8:17
sODS_FEED_TAYLOR_CRD,2018/03/11 00:14:23,2018/03/11 00:30:45,0:16:22
sODS_FEED_TAYLOR_CURR,2018/03/11 00:14:23,2018/03/11 00:32:08,0:17:45
sODS_FEED_TAYLOR_IRD,2018/03/11 00:14:23,2018/03/11 00:28:13,0:13:50
sODS_SQL,2018/03/11 01:17:02,2018/03/11 01:40:07,0:23:5
sODS_SQL_UPDATE,2018/03/11 01:17:02,2018/03/11 01:31:09,0:14:7
sUPDATE_STATISTICS,2018/03/11 01:17:02,2018/03/11 01:40:07,0:23:5
sODS_UPD_CS,2018/03/11 01:17:02,2018/03/11 01:17:04,0:0:2
sODS_UPD_CS_FUT,2018/03/11 01:17:02,2018/03/11 01:17:04,0:0:2
sODS_UPD_DT,2018/03/11 01:17:02,2018/03/11 01:26:45,0:9:43
sODS_UPD_DT_SV,2018/03/11 01:17:02,2018/03/11 01:17:04,0:0:2
sODS_UPD_MV,2018/03/11 01:17:02,2018/03/11 01:27:10,0:10:8
sODS_UPD_PL,2018/03/11 01:17:03,2018/03/11 01:30:20,0:13:17
sODS_UPD_PL_SV,2018/03/11 01:17:03,2018/03/11 01:31:09,0:14:6
sODS_UPD_SV,2018/03/11 01:17:03,2018/03/11 01:19:10,0:2:7
sODS_UPD_XG,2018/03/11 01:17:03,2018/03/11 01:17:18,0:0:15
sODS_VALIDATE_INTEGRITY,2018/03/11 01:40:07,2018/03/11 01:40:14,0:0:7
sWORKFLOW_RESET,2018/03/11 01:40:14,2018/03/11 01:40:14,0:0:0
sMARKER_END,2018/03/11 01:40:14,2018/03/11 01:40:34,0:0:20
sEMAIL_END,2018/03/11 01:40:34,2018/03/11 01:40:34,0:0:0
State,Start,End,Run time
sEOD_LIVE,2018/03/13 00:00:37,2018/03/13 05:34:24,5:33:47
sEMAIL_START,2018/03/13 00:00:37,2018/03/13 00:00:38,0:0:1
sMARKER_START,2018/03/13 00:00:38,2018/03/13 00:01:01,0:0:23
sCHECK_DATE,2018/03/13 00:01:01,2018/03/13 00:01:02,0:0:1
sDATE_INIT,2018/03/13 00:01:02,2018/03/13 00:05:11,0:4:9
sSTG_WAIT_COMPTA_PLCOMP,2018/03/13 00:05:11,2018/03/13 00:31:47,0:26:36
sSTG_TRUNCATE,2018/03/13 00:31:47,2018/03/13 00:31:49,0:0:2
sSTG_DROP_INDEX,2018/03/13 00:31:49,2018/03/13 00:31:50,0:0:1
sSTG_FEED_MAIN,2018/03/13 00:31:50,2018/03/13 03:41:26,3:9:36
sSTG_FEED_MISC_ALL,2018/03/13 00:31:50,2018/03/13 01:41:08,1:9:18
sSTG_FEED_MISC_MAIN,2018/03/13 00:31:50,2018/03/13 01:41:08,1:9:18
sSTG_FEED_COM_RISK_SPEC_ALL,2018/03/13 00:31:50,2018/03/13 01:27:16,0:55:26
sSTG_FEED_MISC,2018/03/13 00:31:50,2018/03/13 01:40:58,1:9:8
sSTG_FEED_COM_RISK_SPEC_MAIN,2018/03/13 00:31:50,2018/03/13 01:27:16,0:55:26
sSTG_FEED_MISC_MAIN2,2018/03/13 00:31:50,2018/03/13 01:32:55,1:1:5
sSTG_FEED_CS_ALL,2018/03/13 00:31:50,2018/03/13 02:33:09,2:1:19
sSTG_FEED_MISC_2A,2018/03/13 00:31:50,2018/03/13 01:28:11,0:56:21
sSTG_FEED_CS_MAIN,2018/03/13 00:31:50,2018/03/13 02:30:01,1:58:11
sSTG_FEED_DT_ALL,2018/03/13 00:31:50,2018/03/13 02:35:09,2:3:19
sSTG_FEED_CS_OM,2018/03/13 00:31:50,2018/03/13 02:30:01,1:58:11
sSTG_FEED_FX_RISK_SPEC_ALL,2018/03/13 00:31:50,2018/03/13 02:30:49,1:58:59
sSTG_FEED_DT_MAIN,2018/03/13 00:31:50,2018/03/13 02:33:54,2:2:4
sSTG_FEED_FX_RISK_SPEC_MAIN,2018/03/13 00:31:50,2018/03/13 02:30:49,1:58:59
sSTG_FEED_DT_01,2018/03/13 00:31:50,2018/03/13 02:29:10,1:57:20
sSTG_FEED_CS_TODAY,2018/03/13 00:31:50,2018/03/13 02:13:41,1:41:51
sSTG_FEED_IRD_RISK_SPEC_ALL,2018/03/13 00:31:50,2018/03/13 02:24:17,1:52:27
sSTG_FEED_IRD_RISK_SPEC_MAIN,2018/03/13 00:31:50,2018/03/13 02:24:16,1:52:26
sSTG_FEED_CS_OTHER,2018/03/13 00:31:50,2018/03/13 02:13:17,1:41:27
sSTG_FEED_PL_ALL,2018/03/13 00:31:50,2018/03/13 02:13:45,1:41:55
sSTG_FEED_PL_MAIN,2018/03/13 00:31:50,2018/03/13 02:13:25,1:41:35
sSTG_FEED_PL_SV_ALL,2018/03/13 00:31:50,2018/03/13 02:42:09,2:10:19
sSTG_FEED_PL_OIS_YEST,2018/03/13 00:31:50,2018/03/13 01:19:22,0:47:32
sSTG_FEED_PL_SV_MAIN,2018/03/13 00:31:50,2018/03/13 02:42:00,2:10:10
sSTG_FEED_MV_ALL,2018/03/13 00:31:50,2018/03/13 02:15:02,1:43:12
sSTG_FEED_PL_OM-1,2018/03/13 00:31:50,2018/03/13 01:59:16,1:27:26
sSTG_FEED_MV_MAIN,2018/03/13 00:31:50,2018/03/13 02:14:30,1:42:40
sSTG_FEED_SV_ALL,2018/03/13 00:31:50,2018/03/13 02:40:42,2:8:52
sSTG_FEED_PL_SV_YEST,2018/03/13 00:31:50,2018/03/13 02:39:55,2:8:5
sSTG_FEED_PL_2OM,2018/03/13 00:31:50,2018/03/13 02:13:25,1:41:35
sSTG_FEED_SV_MAIN,2018/03/13 00:31:50,2018/03/13 02:40:05,2:8:15
sSTG_FEED_PL_SV_L_YEST-1,2018/03/13 00:31:50,2018/03/13 02:26:52,1:55:2
sSTG_FEED_MV_2OM,2018/03/13 00:31:50,2018/03/13 02:11:30,1:39:40
sSTG_FEED_SV_CS1_ALL,2018/03/13 00:31:50,2018/03/13 02:07:03,1:35:13
sSTG_FEED_SV_CS1_MAIN,2018/03/13 00:31:50,2018/03/13 02:07:03,1:35:13
sSTG_FEED_PL_SV_L_OM,2018/03/13 00:31:50,2018/03/13 02:42:00,2:10:10
sSTG_FEED_SV_YEST,2018/03/13 00:31:50,2018/03/13 02:36:33,2:4:43
sSTG_FEED_XG_ALL,2018/03/13 00:31:50,2018/03/13 02:50:01,2:18:11
sSTG_FEED_MV_OM-1,2018/03/13 00:31:50,2018/03/13 02:14:30,1:42:40
sSTG_FEED_XG_MAIN,2018/03/13 00:31:50,2018/03/13 02:44:48,2:12:58
sSTG_FEED_SV_L_YEST-1,2018/03/13 00:31:50,2018/03/13 02:40:05,2:8:15
sSTG_FEED_VAR,2018/03/13 00:31:50,2018/03/13 03:07:43,2:35:53
sSTG_FEED_VAR_STRESS_TEST,2018/03/13 00:31:50,2018/03/13 03:05:35,2:33:45
sSTG_FEED_TAYLOR,2018/03/13 00:31:50,2018/03/13 03:41:26,3:9:36
sSTG_FEED_VAR_PART1,2018/03/13 00:31:50,2018/03/13 03:05:35,2:33:45
sSTG_FEED_VAR_PART2,2018/03/13 00:31:50,2018/03/13 02:44:29,2:12:39
sSTG_FEED_VAR_PART3,2018/03/13 00:31:50,2018/03/13 02:40:37,2:8:47
sSTG_FEED_VAR_PART4,2018/03/13 00:31:50,2018/03/13 02:45:25,2:13:35
sSTG_FEED_VAR_PART5,2018/03/13 00:31:50,2018/03/13 02:26:30,1:54:40
sSTG_FEED_VAR_PART6,2018/03/13 00:31:51,2018/03/13 02:12:49,1:40:58
sSTG_FEED_VAR_PART7,2018/03/13 00:31:51,2018/03/13 02:18:46,1:46:55
sSTG_FEED_VAR_PART8,2018/03/13 00:31:51,2018/03/13 02:57:07,2:25:16
sSTG_FEED_COM_RISK_SPEC_INDEX_ALL,2018/03/13 01:27:16,2018/03/13 01:27:16,0:0:0
sSTG_FEED_MISC_INDEX_2B,2018/03/13 01:28:11,2018/03/13 01:32:55,0:4:44
sSTG_FEED_MISC_INDEX,2018/03/13 01:40:58,2018/03/13 01:41:08,0:0:10
sSTG_FEED_SV_CS1_INDEX_ALL,2018/03/13 02:07:03,2018/03/13 02:07:03,0:0:0
sSTG_FEED_PL_INDEX_ALL,2018/03/13 02:13:25,2018/03/13 02:13:45,0:0:20
sSTG_FEED_MV_INDEX_ALL,2018/03/13 02:14:30,2018/03/13 02:15:02,0:0:32
sSTG_FEED_IRD_RISK_SPEC_INDEX_ALL,2018/03/13 02:24:16,2018/03/13 02:24:17,0:0:1
sSTG_FEED_DT_02,2018/03/13 02:29:10,2018/03/13 02:33:54,0:4:44
sSTG_FEED_CS_INDEX_ALL,2018/03/13 02:30:01,2018/03/13 02:33:09,0:3:8
sSTG_FEED_FX_RISK_SPEC_INDEX_ALL,2018/03/13 02:30:49,2018/03/13 02:30:49,0:0:0
sSTG_FEED_DT_INDEX_ALL,2018/03/13 02:33:54,2018/03/13 02:35:09,0:1:15
sSTG_FEED_SV_INDEX_ALL,2018/03/13 02:40:05,2018/03/13 02:40:42,0:0:37
sSTG_FEED_PL_SV_INDEX_ALL,2018/03/13 02:42:00,2018/03/13 02:42:09,0:0:9
sSTG_FEED_XG_INDEX_ALL,2018/03/13 02:44:48,2018/03/13 02:45:01,0:0:13
sSTG_FEED_MIFID,2018/03/13 02:45:01,2018/03/13 02:49:56,0:4:55
sSTG_FEED_UPD_MIFID,2018/03/13 02:49:56,2018/03/13 02:50:01,0:0:5
sSTG_FEED_VAR_DATAMART,2018/03/13 03:05:35,2018/03/13 03:07:40,0:2:5
sSTG_FEED_VAR_INDEX,2018/03/13 03:07:40,2018/03/13 03:07:43,0:0:3
sLAUNCH_MASTER_LAUNCHER,2018/03/13 03:41:26,2018/03/13 03:41:26,0:0:0
sSTG_FEED_PARSER_FUNCTION,2018/03/13 03:41:26,2018/03/13 03:57:48,0:16:22
sSTG_FEED_CVPRC,2018/03/13 03:41:27,2018/03/13 03:44:32,0:3:5
sSTG_FEED_CVSPT,2018/03/13 03:41:27,2018/03/13 03:42:54,0:1:27
sSTG_FEED_DTSEC,2018/03/13 03:41:27,2018/03/13 03:57:48,0:16:21
sSTG_FEED_RTNBD,2018/03/13 03:41:27,2018/03/13 03:42:54,0:1:27
sSTG_VALIDATE_INTEGRITY,2018/03/13 03:57:48,2018/03/13 03:57:54,0:0:6
sODS_TRUNCATE,2018/03/13 03:57:54,2018/03/13 03:57:54,0:0:0
sODS_DROP_INDEX,2018/03/13 03:57:54,2018/03/13 03:57:56,0:0:2
sODS_FEED_ALL,2018/03/13 03:57:56,2018/03/13 05:06:14,1:8:18
sODS_FEED_COMRISK_SPEC,2018/03/13 03:57:56,2018/03/13 04:00:41,0:2:45
sODS_FEED_CRDRISK_SPEC,2018/03/13 03:57:56,2018/03/13 03:58:29,0:0:33
sODS_FEED_CS,2018/03/13 03:57:56,2018/03/13 05:06:14,1:8:18
sODS_FEED_CS_FUT_L,2018/03/13 03:57:56,2018/03/13 03:58:54,0:0:58
sODS_FEED_CS_EVAL,2018/03/13 03:57:56,2018/03/13 03:59:47,0:1:51
sODS_FEED_DT,2018/03/13 03:57:56,2018/03/13 04:31:37,0:33:41
sODS_FEED_DT_SV,2018/03/13 03:57:56,2018/03/13 04:13:30,0:15:34
sODS_FEED_FXRISK_SPEC,2018/03/13 03:57:56,2018/03/13 04:00:39,0:2:43
sODS_FEED_IRDRISK,2018/03/13 03:57:56,2018/03/13 04:01:01,0:3:5
sODS_FEED_IRDRISK_SPEC,2018/03/13 03:57:56,2018/03/13 04:02:01,0:4:5
sODS_FEED_MV_DETAIL,2018/03/13 03:57:56,2018/03/13 04:26:36,0:28:40
sODS_FEED_PL,2018/03/13 03:57:56,2018/03/13 04:15:14,0:17:18
sODS_FEED_PL_HS,2018/03/13 03:57:56,2018/03/13 04:01:53,0:3:57
sODS_FEED_PL_SV,2018/03/13 03:57:56,2018/03/13 04:03:27,0:5:31
sODS_FEED_SV,2018/03/13 03:57:56,2018/03/13 04:08:33,0:10:37
sODS_FEED_VAR_COM,2018/03/13 03:57:56,2018/03/13 04:01:27,0:3:31
sODS_FEED_VAR_SCN,2018/03/13 03:57:56,2018/03/13 03:59:45,0:1:49
sODS_FEED_XG,2018/03/13 03:57:56,2018/03/13 04:04:37,0:6:41
sODS_FEED_TAYLOR_COM,2018/03/13 03:57:56,2018/03/13 04:06:12,0:8:16
sODS_FEED_TAYLOR_CRD,2018/03/13 03:57:56,2018/03/13 04:14:22,0:16:26
sODS_FEED_TAYLOR_CURR,2018/03/13 03:57:56,2018/03/13 04:15:46,0:17:50
sODS_FEED_TAYLOR_IRD,2018/03/13 03:57:56,2018/03/13 04:13:05,0:15:9
sODS_SQL,2018/03/13 05:06:14,2018/03/13 05:33:53,0:27:39
sODS_SQL_UPDATE,2018/03/13 05:06:14,2018/03/13 05:25:48,0:19:34
sUPDATE_STATISTICS,2018/03/13 05:06:14,2018/03/13 05:33:53,0:27:39
sODS_UPD_CS,2018/03/13 05:06:14,2018/03/13 05:06:14,0:0:0
sODS_UPD_CS_FUT,2018/03/13 05:06:14,2018/03/13 05:06:14,0:0:0
sODS_UPD_DT,2018/03/13 05:06:14,2018/03/13 05:12:54,0:6:40
sODS_UPD_DT_SV,2018/03/13 05:06:14,2018/03/13 05:06:14,0:0:0
sODS_UPD_MV,2018/03/13 05:06:14,2018/03/13 05:20:43,0:14:29
sODS_UPD_PL,2018/03/13 05:06:14,2018/03/13 05:24:41,0:18:27
sODS_UPD_PL_SV,2018/03/13 05:06:14,2018/03/13 05:25:48,0:19:34
sODS_UPD_SV,2018/03/13 05:06:14,2018/03/13 05:11:03,0:4:49
sODS_UPD_XG,2018/03/13 05:06:14,2018/03/13 05:06:29,0:0:15
sODS_VALIDATE_INTEGRITY,2018/03/13 05:33:53,2018/03/13 05:34:00,0:0:7
sWORKFLOW_RESET,2018/03/13 05:34:00,2018/03/13 05:34:01,0:0:1
sBACKUP,2018/03/13 05:34:01,2018/03/13 05:34:01,0:0:0
sMARKER_END,2018/03/13 05:34:01,2018/03/13 05:34:24,0:0:23
sEMAIL_END,2018/03/13 05:34:24,2018/03/13 05:34:24,0:0:0
State,Start,End,Run time
sEOD_LIVE,2018/03/14 03:43:45,2018/03/14 05:38:46,1:55:1
sSTG_FEED_MAIN,2018/03/14 03:43:45,2018/03/14 03:43:45,0:0:0
sSTG_FEED_MISC_ALL,2018/03/14 03:43:45,2018/03/14 03:43:45,0:0:0
sSTG_FEED_COM_RISK_SPEC_ALL,2018/03/14 03:43:45,2018/03/14 03:43:45,0:0:0
sSTG_FEED_MISC_MAIN,2018/03/14 03:43:45,2018/03/14 03:43:45,0:0:0
sSTG_FEED_CS_ALL,2018/03/14 03:43:45,2018/03/14 03:43:45,0:0:0
sSTG_FEED_CS_MAIN,2018/03/14 03:43:45,2018/03/14 03:43:45,0:0:0
sSTG_FEED_MISC_MAIN2,2018/03/14 03:43:45,2018/03/14 03:43:45,0:0:0
sSTG_FEED_DT_ALL,2018/03/14 03:43:45,2018/03/14 03:43:45,0:0:0
sSTG_FEED_DT_MAIN,2018/03/14 03:43:45,2018/03/14 03:43:45,0:0:0
sSTG_FEED_FX_RISK_SPEC_ALL,2018/03/14 03:43:45,2018/03/14 03:43:45,0:0:0
sSTG_FEED_IRD_RISK_SPEC_ALL,2018/03/14 03:43:45,2018/03/14 03:43:45,0:0:0
sSTG_FEED_PL_ALL,2018/03/14 03:43:45,2018/03/14 03:43:45,0:0:0
sSTG_FEED_PL_MAIN,2018/03/14 03:43:45,2018/03/14 03:43:45,0:0:0
sSTG_FEED_PL_SV_ALL,2018/03/14 03:43:45,2018/03/14 03:43:45,0:0:0
sSTG_FEED_PL_SV_MAIN,2018/03/14 03:43:45,2018/03/14 03:43:45,0:0:0
sSTG_FEED_MV_ALL,2018/03/14 03:43:45,2018/03/14 03:43:45,0:0:0
sSTG_FEED_MV_MAIN,2018/03/14 03:43:45,2018/03/14 03:43:45,0:0:0
sSTG_FEED_SV_ALL,2018/03/14 03:43:45,2018/03/14 03:43:45,0:0:0
sSTG_FEED_SV_MAIN,2018/03/14 03:43:45,2018/03/14 03:43:45,0:0:0
sSTG_FEED_SV_CS1_ALL,2018/03/14 03:43:45,2018/03/14 03:43:45,0:0:0
sSTG_FEED_XG_ALL,2018/03/14 03:43:45,2018/03/14 03:43:45,0:0:0
sSTG_FEED_VAR,2018/03/14 03:43:45,2018/03/14 03:43:45,0:0:0
sSTG_FEED_VAR_STRESS_TEST,2018/03/14 03:43:45,2018/03/14 03:43:45,0:0:0
sLAUNCH_MASTER_LAUNCHER,2018/03/14 03:43:45,2018/03/14 03:43:46,0:0:1
sSTG_FEED_PARSER_FUNCTION,2018/03/14 03:43:46,2018/03/14 04:03:13,0:19:27
sSTG_FEED_CVPRC,2018/03/14 03:43:46,2018/03/14 03:49:20,0:5:34
sSTG_FEED_CVSPT,2018/03/14 03:43:46,2018/03/14 03:45:08,0:1:22
sSTG_FEED_DTSEC,2018/03/14 03:43:46,2018/03/14 04:03:13,0:19:27
sSTG_FEED_RTNBD,2018/03/14 03:43:46,2018/03/14 03:45:02,0:1:16
sSTG_VALIDATE_INTEGRITY,2018/03/14 04:03:13,2018/03/14 04:03:18,0:0:5
sODS_TRUNCATE,2018/03/14 04:03:18,2018/03/14 04:03:19,0:0:1
sODS_DROP_INDEX,2018/03/14 04:03:19,2018/03/14 04:03:20,0:0:1
sODS_FEED_ALL,2018/03/14 04:03:20,2018/03/14 05:10:53,1:7:33
sODS_FEED_COMRISK_SPEC,2018/03/14 04:03:20,2018/03/14 04:06:27,0:3:7
sODS_FEED_CRDRISK_SPEC,2018/03/14 04:03:20,2018/03/14 04:03:52,0:0:32
sODS_FEED_CS,2018/03/14 04:03:20,2018/03/14 05:10:53,1:7:33
sODS_FEED_CS_FUT_L,2018/03/14 04:03:20,2018/03/14 04:04:16,0:0:56
sODS_FEED_CS_EVAL,2018/03/14 04:03:20,2018/03/14 04:05:16,0:1:56
sODS_FEED_DT,2018/03/14 04:03:20,2018/03/14 04:35:49,0:32:29
sODS_FEED_DT_SV,2018/03/14 04:03:20,2018/03/14 04:18:47,0:15:27
sODS_FEED_FXRISK_SPEC,2018/03/14 04:03:20,2018/03/14 04:06:00,0:2:40
sODS_FEED_IRDRISK,2018/03/14 04:03:20,2018/03/14 04:06:08,0:2:48
sODS_FEED_IRDRISK_SPEC,2018/03/14 04:03:20,2018/03/14 04:07:00,0:3:40
sODS_FEED_MV_DETAIL,2018/03/14 04:03:20,2018/03/14 04:31:16,0:27:56
sODS_FEED_PL,2018/03/14 04:03:20,2018/03/14 04:19:39,0:16:19
sODS_FEED_PL_HS,2018/03/14 04:03:20,2018/03/14 04:08:30,0:5:10
sODS_FEED_PL_SV,2018/03/14 04:03:20,2018/03/14 04:08:30,0:5:10
sODS_FEED_SV,2018/03/14 04:03:21,2018/03/14 04:12:34,0:9:13
sODS_FEED_VAR_COM,2018/03/14 04:03:21,2018/03/14 04:06:37,0:3:16
sODS_FEED_VAR_SCN,2018/03/14 04:03:21,2018/03/14 04:05:04,0:1:43
sODS_FEED_XG,2018/03/14 04:03:21,2018/03/14 04:09:39,0:6:18
sODS_FEED_TAYLOR_COM,2018/03/14 04:03:21,2018/03/14 04:12:29,0:9:8
sODS_FEED_TAYLOR_CRD,2018/03/14 04:03:21,2018/03/14 04:19:45,0:16:24
sODS_FEED_TAYLOR_CURR,2018/03/14 04:03:21,2018/03/14 04:21:08,0:17:47
sODS_FEED_TAYLOR_IRD,2018/03/14 04:03:21,2018/03/14 04:18:38,0:15:17
sODS_SQL,2018/03/14 05:10:53,2018/03/14 05:38:18,0:27:25
sODS_SQL_UPDATE,2018/03/14 05:10:53,2018/03/14 05:24:45,0:13:52
sUPDATE_STATISTICS,2018/03/14 05:10:53,2018/03/14 05:38:18,0:27:25
sODS_UPD_CS,2018/03/14 05:10:53,2018/03/14 05:10:53,0:0:0
sODS_UPD_CS_FUT,2018/03/14 05:10:53,2018/03/14 05:10:54,0:0:1
sODS_UPD_DT,2018/03/14 05:10:53,2018/03/14 05:21:06,0:10:13
sODS_UPD_DT_SV,2018/03/14 05:10:53,2018/03/14 05:10:54,0:0:1
sODS_UPD_MV,2018/03/14 05:10:53,2018/03/14 05:24:45,0:13:52
sODS_UPD_PL,2018/03/14 05:10:53,2018/03/14 05:23:26,0:12:33
sODS_UPD_PL_SV,2018/03/14 05:10:53,2018/03/14 05:24:02,0:13:9
sODS_UPD_SV,2018/03/14 05:10:53,2018/03/14 05:14:38,0:3:45
sODS_UPD_XG,2018/03/14 05:10:53,2018/03/14 05:11:08,0:0:15
sODS_VALIDATE_INTEGRITY,2018/03/14 05:38:18,2018/03/14 05:38:25,0:0:7
sWORKFLOW_RESET,2018/03/14 05:38:25,2018/03/14 05:38:25,0:0:0
sBACKUP,2018/03/14 05:38:25,2018/03/14 05:38:25,0:0:0
sMARKER_END,2018/03/14 05:38:25,2018/03/14 05:38:46,0:0:21
sEMAIL_END,2018/03/14 05:38:46,2018/03/14 05:38:46,0:0:0
State,Start,End,Run time
sEOD_LIVE,2018/03/16 00:25:14,2018/03/16 06:05:07,5:39:53
sEMAIL_START,2018/03/16 00:25:14,2018/03/16 00:25:14,0:0:0
sMARKER_START,2018/03/16 00:25:14,2018/03/16 00:25:35,0:0:21
sCHECK_DATE,2018/03/16 00:25:35,2018/03/16 00:25:35,0:0:0
sDATE_INIT,2018/03/16 00:25:35,2018/03/16 00:29:13,0:3:38
sSTG_WAIT_COMPTA_PLCOMP,2018/03/16 00:29:13,2018/03/16 01:14:00,0:44:47
sSTG_TRUNCATE,2018/03/16 01:14:00,2018/03/16 01:14:03,0:0:3
sSTG_DROP_INDEX,2018/03/16 01:14:03,2018/03/16 01:14:04,0:0:1
sSTG_FEED_MAIN,2018/03/16 01:14:04,2018/03/16 04:20:07,3:6:3
sSTG_FEED_MISC_ALL,2018/03/16 01:14:04,2018/03/16 02:24:15,1:10:11
sSTG_FEED_MISC_MAIN,2018/03/16 01:14:04,2018/03/16 02:24:15,1:10:11
sSTG_FEED_COM_RISK_SPEC_ALL,2018/03/16 01:14:04,2018/03/16 02:08:47,0:54:43
sSTG_FEED_MISC,2018/03/16 01:14:04,2018/03/16 02:24:06,1:10:2
sSTG_FEED_COM_RISK_SPEC_MAIN,2018/03/16 01:14:04,2018/03/16 02:08:46,0:54:42
sSTG_FEED_MISC_MAIN2,2018/03/16 01:14:04,2018/03/16 02:15:03,1:0:59
sSTG_FEED_CS_ALL,2018/03/16 01:14:04,2018/03/16 03:21:27,2:7:23
sSTG_FEED_MISC_2A,2018/03/16 01:14:04,2018/03/16 02:10:08,0:56:4
sSTG_FEED_CS_MAIN,2018/03/16 01:14:04,2018/03/16 03:17:55,2:3:51
sSTG_FEED_DT_ALL,2018/03/16 01:14:04,2018/03/16 03:24:53,2:10:49
sSTG_FEED_CS_OM,2018/03/16 01:14:04,2018/03/16 03:17:55,2:3:51
sSTG_FEED_DT_MAIN,2018/03/16 01:14:04,2018/03/16 03:23:26,2:9:22
sSTG_FEED_DT_01,2018/03/16 01:14:04,2018/03/16 03:18:35,2:4:31
sSTG_FEED_CS_TODAY,2018/03/16 01:14:04,2018/03/16 03:02:54,1:48:50
sSTG_FEED_FX_RISK_SPEC_ALL,2018/03/16 01:14:04,2018/03/16 03:25:55,2:11:51
sSTG_FEED_FX_RISK_SPEC_MAIN,2018/03/16 01:14:04,2018/03/16 03:25:54,2:11:50
sSTG_FEED_CS_OTHER,2018/03/16 01:14:04,2018/03/16 02:56:25,1:42:21
sSTG_FEED_IRD_RISK_SPEC_ALL,2018/03/16 01:14:04,2018/03/16 03:10:29,1:56:25
sSTG_FEED_IRD_RISK_SPEC_MAIN,2018/03/16 01:14:04,2018/03/16 03:10:28,1:56:24
sSTG_FEED_PL_ALL,2018/03/16 01:14:04,2018/03/16 03:05:56,1:51:52
sSTG_FEED_PL_MAIN,2018/03/16 01:14:04,2018/03/16 03:05:35,1:51:31
sSTG_FEED_PL_SV_ALL,2018/03/16 01:14:04,2018/03/16 03:40:08,2:26:4
sSTG_FEED_PL_OIS_YEST,2018/03/16 01:14:04,2018/03/16 02:05:35,0:51:31
sSTG_FEED_PL_SV_MAIN,2018/03/16 01:14:04,2018/03/16 03:39:55,2:25:51
sSTG_FEED_MV_ALL,2018/03/16 01:14:04,2018/03/16 03:05:34,1:51:30
sSTG_FEED_MV_MAIN,2018/03/16 01:14:04,2018/03/16 03:05:01,1:50:57
sSTG_FEED_SV_ALL,2018/03/16 01:14:04,2018/03/16 03:27:53,2:13:49
sSTG_FEED_PL_SV_YEST,2018/03/16 01:14:04,2018/03/16 03:39:55,2:25:51
sSTG_FEED_PL_2OM,2018/03/16 01:14:04,2018/03/16 03:05:35,1:51:31
sSTG_FEED_PL_OM-1,2018/03/16 01:14:04,2018/03/16 02:50:42,1:36:38
sSTG_FEED_SV_MAIN,2018/03/16 01:14:04,2018/03/16 03:27:19,2:13:15
sSTG_FEED_MV_2OM,2018/03/16 01:14:04,2018/03/16 03:05:01,1:50:57
sSTG_FEED_PL_SV_L_YEST-1,2018/03/16 01:14:04,2018/03/16 03:16:14,2:2:10
sSTG_FEED_SV_CS1_ALL,2018/03/16 01:14:04,2018/03/16 02:50:55,1:36:51
sSTG_FEED_SV_YEST,2018/03/16 01:14:04,2018/03/16 03:26:15,2:12:11
sSTG_FEED_SV_CS1_MAIN,2018/03/16 01:14:04,2018/03/16 02:50:54,1:36:50
sSTG_FEED_MV_OM-1,2018/03/16 01:14:04,2018/03/16 03:01:47,1:47:43
sSTG_FEED_PL_SV_L_OM,2018/03/16 01:14:04,2018/03/16 03:32:47,2:18:43
sSTG_FEED_XG_ALL,2018/03/16 01:14:04,2018/03/16 03:28:25,2:14:21
sSTG_FEED_SV_L_YEST-1,2018/03/16 01:14:04,2018/03/16 03:27:19,2:13:15
sSTG_FEED_XG_MAIN,2018/03/16 01:14:04,2018/03/16 03:25:32,2:11:28
sSTG_FEED_VAR,2018/03/16 01:14:04,2018/03/16 04:07:39,2:53:35
sSTG_FEED_VAR_STRESS_TEST,2018/03/16 01:14:04,2018/03/16 04:05:49,2:51:45
sSTG_FEED_VAR_PART1,2018/03/16 01:14:04,2018/03/16 04:05:48,2:51:44
sSTG_FEED_TAYLOR,2018/03/16 01:14:04,2018/03/16 04:20:07,3:6:3
sSTG_FEED_VAR_PART2,2018/03/16 01:14:04,2018/03/16 03:34:22,2:20:18
sSTG_FEED_VAR_PART3,2018/03/16 01:14:04,2018/03/16 03:23:42,2:9:38
sSTG_FEED_VAR_PART4,2018/03/16 01:14:04,2018/03/16 03:28:27,2:14:23
sSTG_FEED_VAR_PART5,2018/03/16 01:14:04,2018/03/16 03:10:00,1:55:56
sSTG_FEED_VAR_PART6,2018/03/16 01:14:04,2018/03/16 02:54:58,1:40:54
sSTG_FEED_VAR_PART7,2018/03/16 01:14:04,2018/03/16 03:00:49,1:46:45
sSTG_FEED_VAR_PART8,2018/03/16 01:14:04,2018/03/16 03:32:39,2:18:35
sSTG_FEED_COM_RISK_SPEC_INDEX_ALL,2018/03/16 02:08:46,2018/03/16 02:08:47,0:0:1
sSTG_FEED_MISC_INDEX_2B,2018/03/16 02:10:08,2018/03/16 02:15:03,0:4:55
sSTG_FEED_MISC_INDEX,2018/03/16 02:24:06,2018/03/16 02:24:15,0:0:9
sSTG_FEED_SV_CS1_INDEX_ALL,2018/03/16 02:50:54,2018/03/16 02:50:55,0:0:1
sSTG_FEED_MV_INDEX_ALL,2018/03/16 03:05:01,2018/03/16 03:05:34,0:0:33
sSTG_FEED_PL_INDEX_ALL,2018/03/16 03:05:35,2018/03/16 03:05:56,0:0:21
sSTG_FEED_IRD_RISK_SPEC_INDEX_ALL,2018/03/16 03:10:28,2018/03/16 03:10:29,0:0:1
sSTG_FEED_CS_INDEX_ALL,2018/03/16 03:17:55,2018/03/16 03:21:27,0:3:32
sSTG_FEED_DT_02,2018/03/16 03:18:35,2018/03/16 03:23:26,0:4:51
sSTG_FEED_DT_INDEX_ALL,2018/03/16 03:23:26,2018/03/16 03:24:53,0:1:27
sSTG_FEED_XG_INDEX_ALL,2018/03/16 03:25:32,2018/03/16 03:25:47,0:0:15
sSTG_FEED_MIFID,2018/03/16 03:25:47,2018/03/16 03:28:20,0:2:33
sSTG_FEED_FX_RISK_SPEC_INDEX_ALL,2018/03/16 03:25:54,2018/03/16 03:25:55,0:0:1
sSTG_FEED_SV_INDEX_ALL,2018/03/16 03:27:19,2018/03/16 03:27:53,0:0:34
sSTG_FEED_UPD_MIFID,2018/03/16 03:28:20,2018/03/16 03:28:25,0:0:5
sSTG_FEED_PL_SV_INDEX_ALL,2018/03/16 03:39:55,2018/03/16 03:40:08,0:0:13
sSTG_FEED_VAR_DATAMART,2018/03/16 04:05:49,2018/03/16 04:07:37,0:1:48
sSTG_FEED_VAR_INDEX,2018/03/16 04:07:37,2018/03/16 04:07:39,0:0:2
sLAUNCH_MASTER_LAUNCHER,2018/03/16 04:20:07,2018/03/16 04:20:08,0:0:1
sSTG_FEED_PARSER_FUNCTION,2018/03/16 04:20:08,2018/03/16 04:38:24,0:18:16
sSTG_FEED_CVPRC,2018/03/16 04:20:08,2018/03/16 04:23:40,0:3:32
sSTG_FEED_CVSPT,2018/03/16 04:20:08,2018/03/16 04:21:31,0:1:23
sSTG_FEED_DTSEC,2018/03/16 04:20:08,2018/03/16 04:38:24,0:18:16
sSTG_FEED_RTNBD,2018/03/16 04:20:08,2018/03/16 04:21:32,0:1:24
sSTG_VALIDATE_INTEGRITY,2018/03/16 04:38:24,2018/03/16 04:38:29,0:0:5
sODS_TRUNCATE,2018/03/16 04:38:29,2018/03/16 04:38:31,0:0:2
sODS_DROP_INDEX,2018/03/16 04:38:31,2018/03/16 04:38:32,0:0:1
sODS_FEED_ALL,2018/03/16 04:38:32,2018/03/16 05:36:36,0:58:4
sODS_FEED_COMRISK_SPEC,2018/03/16 04:38:32,2018/03/16 04:41:10,0:2:38
sODS_FEED_CRDRISK_SPEC,2018/03/16 04:38:32,2018/03/16 04:39:08,0:0:36
sODS_FEED_CS,2018/03/16 04:38:32,2018/03/16 05:36:36,0:58:4
sODS_FEED_CS_FUT_L,2018/03/16 04:38:32,2018/03/16 04:39:27,0:0:55
sODS_FEED_CS_EVAL,2018/03/16 04:38:32,2018/03/16 04:40:24,0:1:52
sODS_FEED_DT,2018/03/16 04:38:32,2018/03/16 05:12:16,0:33:44
sODS_FEED_DT_SV,2018/03/16 04:38:32,2018/03/16 04:54:03,0:15:31
sODS_FEED_FXRISK_SPEC,2018/03/16 04:38:32,2018/03/16 04:40:44,0:2:12
sODS_FEED_IRDRISK,2018/03/16 04:38:32,2018/03/16 04:41:17,0:2:45
sODS_FEED_IRDRISK_SPEC,2018/03/16 04:38:32,2018/03/16 04:41:35,0:3:3
sODS_FEED_MV_DETAIL,2018/03/16 04:38:32,2018/03/16 05:07:19,0:28:47
sODS_FEED_PL,2018/03/16 04:38:32,2018/03/16 04:54:10,0:15:38
sODS_FEED_PL_HS,2018/03/16 04:38:32,2018/03/16 04:42:18,0:3:46
sODS_FEED_PL_SV,2018/03/16 04:38:32,2018/03/16 04:43:12,0:4:40
sODS_FEED_SV,2018/03/16 04:38:32,2018/03/16 04:46:47,0:8:15
sODS_FEED_VAR_COM,2018/03/16 04:38:32,2018/03/16 04:41:47,0:3:15
sODS_FEED_VAR_SCN,2018/03/16 04:38:32,2018/03/16 04:40:21,0:1:49
sODS_FEED_XG,2018/03/16 04:38:32,2018/03/16 04:44:10,0:5:38
sODS_FEED_TAYLOR_COM,2018/03/16 04:38:32,2018/03/16 04:45:57,0:7:25
sODS_FEED_TAYLOR_CRD,2018/03/16 04:38:32,2018/03/16 04:54:55,0:16:23
sODS_FEED_TAYLOR_CURR,2018/03/16 04:38:32,2018/03/16 04:56:21,0:17:49
sODS_FEED_TAYLOR_IRD,2018/03/16 04:38:32,2018/03/16 04:52:38,0:14:6
sODS_SQL,2018/03/16 05:36:36,2018/03/16 06:04:37,0:28:1
sODS_SQL_UPDATE,2018/03/16 05:36:36,2018/03/16 05:49:50,0:13:14
sODS_UPD_CS,2018/03/16 05:36:36,2018/03/16 05:36:37,0:0:1
sUPDATE_STATISTICS,2018/03/16 05:36:36,2018/03/16 06:04:37,0:28:1
sODS_UPD_CS_FUT,2018/03/16 05:36:36,2018/03/16 05:36:37,0:0:1
sODS_UPD_DT,2018/03/16 05:36:36,2018/03/16 05:45:45,0:9:9
sODS_UPD_DT_SV,2018/03/16 05:36:36,2018/03/16 05:36:37,0:0:1
sODS_UPD_MV,2018/03/16 05:36:36,2018/03/16 05:49:50,0:13:14
sODS_UPD_PL,2018/03/16 05:36:36,2018/03/16 05:49:29,0:12:53
sODS_UPD_PL_SV,2018/03/16 05:36:36,2018/03/16 05:49:32,0:12:56
sODS_UPD_SV,2018/03/16 05:36:36,2018/03/16 05:40:07,0:3:31
sODS_UPD_XG,2018/03/16 05:36:36,2018/03/16 05:36:52,0:0:16
sODS_VALIDATE_INTEGRITY,2018/03/16 06:04:37,2018/03/16 06:04:45,0:0:8
sWORKFLOW_RESET,2018/03/16 06:04:45,2018/03/16 06:04:45,0:0:0
sBACKUP,2018/03/16 06:04:45,2018/03/16 06:04:45,0:0:0
sMARKER_END,2018/03/16 06:04:45,2018/03/16 06:05:07,0:0:22
sEMAIL_END,2018/03/16 06:05:07,2018/03/16 06:05:07,0:0:0
